Workbook

Sheet Лист1
B1: Блок | C1: БВ | G1: БОВ | L1: БГ | O1: БОВГ
A2: Нагрузка | C2: xx | D2: РП | E2: Рх | F2: хП | G2: С | H2: Т | I2: Т-2(50%) | J2: Т-2(75%) | K2: Т-2(100%) | M2: С | N2: П | P2: С | Q2: П
A3: 0.05 | C3: =$C$1&"-"&$A3&"-"&C$2 -> БВ-0,05-xx | D3: =$C$1&"-"&$A3&"-"&D$2 -> БВ-0,05-РП | E3: =$C$1&"-"&$A3&"-"&E$2 -> БВ-0,05-Рх | F3: =$C$1&"-"&$A3&"-"&F$2 -> БВ-0,05-хП | G3: =$G$1&"-"&$A3&"-"&G$2 -> БОВ-0,05-С | H3: =$G$1&"-"&$A3&"-"&H$2 -> БОВ-0,05-Т | I3: =$G$1&"-"&$A3&"-"&I$2 -> БОВ-0,05-Т-2(50%) | J3: =$G$1&"-"&$A3&"-"&J$2 -> БОВ-0,05-Т-2(75%) | K3: =$G$1&"-"&$A3&"-"&K$2 -> БОВ-0,05-Т-2(100%) | L3: =$L$1&"-"&$A3 -> БГ-0,05 | M3: =$L$1&"-"&M$2&"-"&$A3&"/"&$A3 -> БГ-С-0,05/0,05 | N3: =$L$1&"-"&N$2&"-"&$A3&"/"&$A3 -> БГ-П-0,05/0,05 | O3: =$O$1&"-"&$A3 -> БОВГ-0,05 | P3: =$O$1&"-"&P$2&"-"&$A3&"/"&$A3 -> БОВГ-С-0,05/0,05 | Q3: =$O$1&"-"&Q$2&"-"&$A3&"/"&$A3 -> БОВГ-П-0,05/0,05
A4: 0.06 | C4: =$C$1&"-"&$A4&"-"&C$2 -> БВ-0,06-xx | D4: =$C$1&"-"&$A4&"-"&D$2 -> БВ-0,06-РП | E4: =$C$1&"-"&$A4&"-"&E$2 -> БВ-0,06-Рх | F4: =$C$1&"-"&$A4&"-"&F$2 -> БВ-0,06-хП | G4: =$G$1&"-"&$A4&"-"&G$2 -> БОВ-0,06-С | H4: =$G$1&"-"&$A4&"-"&H$2 -> БОВ-0,06-Т | I4: =$G$1&"-"&$A4&"-"&I$2 -> БОВ-0,06-Т-2(50%) | J4: =$G$1&"-"&$A4&"-"&J$2 -> БОВ-0,06-Т-2(75%) | K4: =$G$1&"-"&$A4&"-"&K$2 -> БОВ-0,06-Т-2(100%) | L4: =$L$1&"-"&$A4 -> БГ-0,06 | M4: =$L$1&"-"&M$2&"-"&$A4&"/"&$A4 -> БГ-С-0,06/0,06 | N4: =$L$1&"-"&N$2&"-"&$A4&"/"&$A4 -> БГ-П-0,06/0,06 | O4: =$O$1&"-"&$A4 -> БОВГ-0,06 | P4: =$O$1&"-"&P$2&"-"&$A4&"/"&$A4 -> БОВГ-С-0,06/0,06 | Q4: =$O$1&"-"&Q$2&"-"&$A4&"/"&$A4 -> БОВГ-П-0,06/0,06
A5: 0.07 | C5: =$C$1&"-"&$A5&"-"&C$2 -> БВ-0,07-xx | D5: =$C$1&"-"&$A5&"-"&D$2 -> БВ-0,07-РП | E5: =$C$1&"-"&$A5&"-"&E$2 -> БВ-0,07-Рх | F5: =$C$1&"-"&$A5&"-"&F$2 -> БВ-0,07-хП | G5: =$G$1&"-"&$A5&"-"&G$2 -> БОВ-0,07-С | H5: =$G$1&"-"&$A5&"-"&H$2 -> БОВ-0,07-Т | I5: =$G$1&"-"&$A5&"-"&I$2 -> БОВ-0,07-Т-2(50%) | J5: =$G$1&"-"&$A5&"-"&J$2 -> БОВ-0,07-Т-2(75%) | K5: =$G$1&"-"&$A5&"-"&K$2 -> БОВ-0,07-Т-2(100%) | L5: =$L$1&"-"&$A5 -> БГ-0,07 | M5: =$L$1&"-"&M$2&"-"&$A5&"/"&$A5 -> БГ-С-0,07/0,07 | N5: =$L$1&"-"&N$2&"-"&$A5&"/"&$A5 -> БГ-П-0,07/0,07 | O5: =$O$1&"-"&$A5 -> БОВГ-0,07 | P5: =$O$1&"-"&P$2&"-"&$A5&"/"&$A5 -> БОВГ-С-0,07/0,07 | Q5: =$O$1&"-"&Q$2&"-"&$A5&"/"&$A5 -> БОВГ-П-0,07/0,07
A6: 0.08 | C6: =$C$1&"-"&$A6&"-"&C$2 -> БВ-0,08-xx | D6: =$C$1&"-"&$A6&"-"&D$2 -> БВ-0,08-РП | E6: =$C$1&"-"&$A6&"-"&E$2 -> БВ-0,08-Рх | F6: =$C$1&"-"&$A6&"-"&F$2 -> БВ-0,08-хП | G6: =$G$1&"-"&$A6&"-"&G$2 -> БОВ-0,08-С | H6: =$G$1&"-"&$A6&"-"&H$2 -> БОВ-0,08-Т | I6: =$G$1&"-"&$A6&"-"&I$2 -> БОВ-0,08-Т-2(50%) | J6: =$G$1&"-"&$A6&"-"&J$2 -> БОВ-0,08-Т-2(75%) | K6: =$G$1&"-"&$A6&"-"&K$2 -> БОВ-0,08-Т-2(100%) | L6: =$L$1&"-"&$A6 -> БГ-0,08 | M6: =$L$1&"-"&M$2&"-"&$A6&"/"&$A6 -> БГ-С-0,08/0,08 | N6: =$L$1&"-"&N$2&"-"&$A6&"/"&$A6 -> БГ-П-0,08/0,08 | O6: =$O$1&"-"&$A6 -> БОВГ-0,08 | P6: =$O$1&"-"&P$2&"-"&$A6&"/"&$A6 -> БОВГ-С-0,08/0,08 | Q6: =$O$1&"-"&Q$2&"-"&$A6&"/"&$A6 -> БОВГ-П-0,08/0,08
A7: 0.09 | C7: =$C$1&"-"&$A7&"-"&C$2 -> БВ-0,09-xx | D7: =$C$1&"-"&$A7&"-"&D$2 -> БВ-0,09-РП | E7: =$C$1&"-"&$A7&"-"&E$2 -> БВ-0,09-Рх | F7: =$C$1&"-"&$A7&"-"&F$2 -> БВ-0,09-хП | G7: =$G$1&"-"&$A7&"-"&G$2 -> БОВ-0,09-С | H7: =$G$1&"-"&$A7&"-"&H$2 -> БОВ-0,09-Т | I7: =$G$1&"-"&$A7&"-"&I$2 -> БОВ-0,09-Т-2(50%) | J7: =$G$1&"-"&$A7&"-"&J$2 -> БОВ-0,09-Т-2(75%) | K7: =$G$1&"-"&$A7&"-"&K$2 -> БОВ-0,09-Т-2(100%) | L7: =$L$1&"-"&$A7 -> БГ-0,09 | M7: =$L$1&"-"&M$2&"-"&$A7&"/"&$A7 -> БГ-С-0,09/0,09 | N7: =$L$1&"-"&N$2&"-"&$A7&"/"&$A7 -> БГ-П-0,09/0,09 | O7: =$O$1&"-"&$A7 -> БОВГ-0,09 | P7: =$O$1&"-"&P$2&"-"&$A7&"/"&$A7 -> БОВГ-С-0,09/0,09 | Q7: =$O$1&"-"&Q$2&"-"&$A7&"/"&$A7 -> БОВГ-П-0,09/0,09
A8: 0,10 | C8: =$C$1&"-"&$A8&"-"&C$2 -> БВ-0,10-xx | D8: =$C$1&"-"&$A8&"-"&D$2 -> БВ-0,10-РП | E8: =$C$1&"-"&$A8&"-"&E$2 -> БВ-0,10-Рх | F8: =$C$1&"-"&$A8&"-"&F$2 -> БВ-0,10-хП | G8: =$G$1&"-"&$A8&"-"&G$2 -> БОВ-0,10-С | H8: =$G$1&"-"&$A8&"-"&H$2 -> БОВ-0,10-Т | I8: =$G$1&"-"&$A8&"-"&I$2 -> БОВ-0,10-Т-2(50%) | J8: =$G$1&"-"&$A8&"-"&J$2 -> БОВ-0,10-Т-2(75%) | K8: =$G$1&"-"&$A8&"-"&K$2 -> БОВ-0,10-Т-2(100%) | L8: =$L$1&"-"&$A8 -> БГ-0,10 | M8: =$L$1&"-"&M$2&"-"&$A8&"/"&$A8 -> БГ-С-0,10/0,10 | N8: =$L$1&"-"&N$2&"-"&$A8&"/"&$A8 -> БГ-П-0,10/0,10 | O8: =$O$1&"-"&$A8 -> БОВГ-0,10 | P8: =$O$1&"-"&P$2&"-"&$A8&"/"&$A8 -> БОВГ-С-0,10/0,10 | Q8: =$O$1&"-"&Q$2&"-"&$A8&"/"&$A8 -> БОВГ-П-0,10/0,10
A9: 0.15 | C9: =$C$1&"-"&$A9&"-"&C$2 -> БВ-0,15-xx | D9: =$C$1&"-"&$A9&"-"&D$2 -> БВ-0,15-РП | E9: =$C$1&"-"&$A9&"-"&E$2 -> БВ-0,15-Рх | F9: =$C$1&"-"&$A9&"-"&F$2 -> БВ-0,15-хП | G9: =$G$1&"-"&$A9&"-"&G$2 -> БОВ-0,15-С | H9: =$G$1&"-"&$A9&"-"&H$2 -> БОВ-0,15-Т | I9: =$G$1&"-"&$A9&"-"&I$2 -> БОВ-0,15-Т-2(50%) | J9: =$G$1&"-"&$A9&"-"&J$2 -> БОВ-0,15-Т-2(75%) | K9: =$G$1&"-"&$A9&"-"&K$2 -> БОВ-0,15-Т-2(100%) | L9: =$L$1&"-"&$A9 -> БГ-0,15 | M9: =$L$1&"-"&M$2&"-"&$A9&"/"&$A9 -> БГ-С-0,15/0,15 | N9: =$L$1&"-"&N$2&"-"&$A9&"/"&$A9 -> БГ-П-0,15/0,15 | O9: =$O$1&"-"&$A9 -> БОВГ-0,15 | P9: =$O$1&"-"&P$2&"-"&$A9&"/"&$A9 -> БОВГ-С-0,15/0,15 | Q9: =$O$1&"-"&Q$2&"-"&$A9&"/"&$A9 -> БОВГ-П-0,15/0,15
A10: 0,20 | C10: =$C$1&"-"&$A10&"-"&C$2 -> БВ-0,20-xx | D10: =$C$1&"-"&$A10&"-"&D$2 -> БВ-0,20-РП | E10: =$C$1&"-"&$A10&"-"&E$2 -> БВ-0,20-Рх | F10: =$C$1&"-"&$A10&"-"&F$2 -> БВ-0,20-хП | G10: =$G$1&"-"&$A10&"-"&G$2 -> БОВ-0,20-С | H10: =$G$1&"-"&$A10&"-"&H$2 -> БОВ-0,20-Т | I10: =$G$1&"-"&$A10&"-"&I$2 -> БОВ-0,20-Т-2(50%) | J10: =$G$1&"-"&$A10&"-"&J$2 -> БОВ-0,20-Т-2(75%) | K10: =$G$1&"-"&$A10&"-"&K$2 -> БОВ-0,20-Т-2(100%) | L10: =$L$1&"-"&$A10 -> БГ-0,20 | M10: =$L$1&"-"&M$2&"-"&$A10&"/"&$A10 -> БГ-С-0,20/0,20 | N10: =$L$1&"-"&N$2&"-"&$A10&"/"&$A10 -> БГ-П-0,20/0,20 | O10: =$O$1&"-"&$A10 -> БОВГ-0,20 | P10: =$O$1&"-"&P$2&"-"&$A10&"/"&$A10 -> БОВГ-С-0,20/0,20 | Q10: =$O$1&"-"&Q$2&"-"&$A10&"/"&$A10 -> БОВГ-П-0,20/0,20
A11: 0.25 | C11: =$C$1&"-"&$A11&"-"&C$2 -> БВ-0,25-xx | D11: =$C$1&"-"&$A11&"-"&D$2 -> БВ-0,25-РП | E11: =$C$1&"-"&$A11&"-"&E$2 -> БВ-0,25-Рх | F11: =$C$1&"-"&$A11&"-"&F$2 -> БВ-0,25-хП | G11: =$G$1&"-"&$A11&"-"&G$2 -> БОВ-0,25-С | H11: =$G$1&"-"&$A11&"-"&H$2 -> БОВ-0,25-Т | I11: =$G$1&"-"&$A11&"-"&I$2 -> БОВ-0,25-Т-2(50%) | J11: =$G$1&"-"&$A11&"-"&J$2 -> БОВ-0,25-Т-2(75%) | K11: =$G$1&"-"&$A11&"-"&K$2 -> БОВ-0,25-Т-2(100%) | L11: =$L$1&"-"&$A11 -> БГ-0,25 | M11: =$L$1&"-"&M$2&"-"&$A11&"/"&$A11 -> БГ-С-0,25/0,25 | N11: =$L$1&"-"&N$2&"-"&$A11&"/"&$A11 -> БГ-П-0,25/0,25 | O11: =$O$1&"-"&$A11 -> БОВГ-0,25 | P11: =$O$1&"-"&P$2&"-"&$A11&"/"&$A11 -> БОВГ-С-0,25/0,25 | Q11: =$O$1&"-"&Q$2&"-"&$A11&"/"&$A11 -> БОВГ-П-0,25/0,25
A12: 0,30 | C12: =$C$1&"-"&$A12&"-"&C$2 -> БВ-0,30-xx | D12: =$C$1&"-"&$A12&"-"&D$2 -> БВ-0,30-РП | E12: =$C$1&"-"&$A12&"-"&E$2 -> БВ-0,30-Рх | F12: =$C$1&"-"&$A12&"-"&F$2 -> БВ-0,30-хП | G12: =$G$1&"-"&$A12&"-"&G$2 -> БОВ-0,30-С | H12: =$G$1&"-"&$A12&"-"&H$2 -> БОВ-0,30-Т | I12: =$G$1&"-"&$A12&"-"&I$2 -> БОВ-0,30-Т-2(50%) | J12: =$G$1&"-"&$A12&"-"&J$2 -> БОВ-0,30-Т-2(75%) | K12: =$G$1&"-"&$A12&"-"&K$2 -> БОВ-0,30-Т-2(100%) | L12: =$L$1&"-"&$A12 -> БГ-0,30 | M12: =$L$1&"-"&M$2&"-"&$A12&"/"&$A12 -> БГ-С-0,30/0,30 | N12: =$L$1&"-"&N$2&"-"&$A12&"/"&$A12 -> БГ-П-0,30/0,30 | O12: =$O$1&"-"&$A12 -> БОВГ-0,30 | P12: =$O$1&"-"&P$2&"-"&$A12&"/"&$A12 -> БОВГ-С-0,30/0,30 | Q12: =$O$1&"-"&Q$2&"-"&$A12&"/"&$A12 -> БОВГ-П-0,30/0,30
A13: 0.35 | C13: =$C$1&"-"&$A13&"-"&C$2 -> БВ-0,35-xx | D13: =$C$1&"-"&$A13&"-"&D$2 -> БВ-0,35-РП | E13: =$C$1&"-"&$A13&"-"&E$2 -> БВ-0,35-Рх | F13: =$C$1&"-"&$A13&"-"&F$2 -> БВ-0,35-хП | G13: =$G$1&"-"&$A13&"-"&G$2 -> БОВ-0,35-С | H13: =$G$1&"-"&$A13&"-"&H$2 -> БОВ-0,35-Т | I13: =$G$1&"-"&$A13&"-"&I$2 -> БОВ-0,35-Т-2(50%) | J13: =$G$1&"-"&$A13&"-"&J$2 -> БОВ-0,35-Т-2(75%) | K13: =$G$1&"-"&$A13&"-"&K$2 -> БОВ-0,35-Т-2(100%) | L13: =$L$1&"-"&$A13 -> БГ-0,35 | M13: =$L$1&"-"&M$2&"-"&$A13&"/"&$A13 -> БГ-С-0,35/0,35 | N13: =$L$1&"-"&N$2&"-"&$A13&"/"&$A13 -> БГ-П-0,35/0,35 | O13: =$O$1&"-"&$A13 -> БОВГ-0,35 | P13: =$O$1&"-"&P$2&"-"&$A13&"/"&$A13 -> БОВГ-С-0,35/0,35 | Q13: =$O$1&"-"&Q$2&"-"&$A13&"/"&$A13 -> БОВГ-П-0,35/0,35
A14: 0,04 | C14: =$C$1&"-"&$A14&"-"&C$2 -> БВ-0,04-xx | D14: =$C$1&"-"&$A14&"-"&D$2 -> БВ-0,04-РП | E14: =$C$1&"-"&$A14&"-"&E$2 -> БВ-0,04-Рх | F14: =$C$1&"-"&$A14&"-"&F$2 -> БВ-0,04-хП | G14: =$G$1&"-"&$A14&"-"&G$2 -> БОВ-0,04-С | H14: =$G$1&"-"&$A14&"-"&H$2 -> БОВ-0,04-Т | I14: =$G$1&"-"&$A14&"-"&I$2 -> БОВ-0,04-Т-2(50%) | J14: =$G$1&"-"&$A14&"-"&J$2 -> БОВ-0,04-Т-2(75%) | K14: =$G$1&"-"&$A14&"-"&K$2 -> БОВ-0,04-Т-2(100%) | L14: =$L$1&"-"&$A14 -> БГ-0,04 | M14: =$L$1&"-"&M$2&"-"&$A14&"/"&$A14 -> БГ-С-0,04/0,04 | N14: =$L$1&"-"&N$2&"-"&$A14&"/"&$A14 -> БГ-П-0,04/0,04 | O14: =$O$1&"-"&$A14 -> БОВГ-0,04 | P14: =$O$1&"-"&P$2&"-"&$A14&"/"&$A14 -> БОВГ-С-0,04/0,04 | Q14: =$O$1&"-"&Q$2&"-"&$A14&"/"&$A14 -> БОВГ-П-0,04/0,04
A15: 0.45 | C15: =$C$1&"-"&$A15&"-"&C$2 -> БВ-0,45-xx | D15: =$C$1&"-"&$A15&"-"&D$2 -> БВ-0,45-РП | E15: =$C$1&"-"&$A15&"-"&E$2 -> БВ-0,45-Рх | F15: =$C$1&"-"&$A15&"-"&F$2 -> БВ-0,45-хП | G15: =$G$1&"-"&$A15&"-"&G$2 -> БОВ-0,45-С | H15: =$G$1&"-"&$A15&"-"&H$2 -> БОВ-0,45-Т | I15: =$G$1&"-"&$A15&"-"&I$2 -> БОВ-0,45-Т-2(50%) | J15: =$G$1&"-"&$A15&"-"&J$2 -> БОВ-0,45-Т-2(75%) | K15: =$G$1&"-"&$A15&"-"&K$2 -> БОВ-0,45-Т-2(100%) | L15: =$L$1&"-"&$A15 -> БГ-0,45 | M15: =$L$1&"-"&M$2&"-"&$A15&"/"&$A15 -> БГ-С-0,45/0,45 | N15: =$L$1&"-"&N$2&"-"&$A15&"/"&$A15 -> БГ-П-0,45/0,45 | O15: =$O$1&"-"&$A15 -> БОВГ-0,45 | P15: =$O$1&"-"&P$2&"-"&$A15&"/"&$A15 -> БОВГ-С-0,45/0,45 | Q15: =$O$1&"-"&Q$2&"-"&$A15&"/"&$A15 -> БОВГ-П-0,45/0,45
A16: 0,05 | C16: =$C$1&"-"&$A16&"-"&C$2 -> БВ-0,05-xx | D16: =$C$1&"-"&$A16&"-"&D$2 -> БВ-0,05-РП | E16: =$C$1&"-"&$A16&"-"&E$2 -> БВ-0,05-Рх | F16: =$C$1&"-"&$A16&"-"&F$2 -> БВ-0,05-хП | G16: =$G$1&"-"&$A16&"-"&G$2 -> БОВ-0,05-С | H16: =$G$1&"-"&$A16&"-"&H$2 -> БОВ-0,05-Т | I16: =$G$1&"-"&$A16&"-"&I$2 -> БОВ-0,05-Т-2(50%) | J16: =$G$1&"-"&$A16&"-"&J$2 -> БОВ-0,05-Т-2(75%) | K16: =$G$1&"-"&$A16&"-"&K$2 -> БОВ-0,05-Т-2(100%) | L16: =$L$1&"-"&$A16 -> БГ-0,05 | M16: =$L$1&"-"&M$2&"-"&$A16&"/"&$A16 -> БГ-С-0,05/0,05 | N16: =$L$1&"-"&N$2&"-"&$A16&"/"&$A16 -> БГ-П-0,05/0,05 | O16: =$O$1&"-"&$A16 -> БОВГ-0,05 | P16: =$O$1&"-"&P$2&"-"&$A16&"/"&$A16 -> БОВГ-С-0,05/0,05 | Q16: =$O$1&"-"&Q$2&"-"&$A16&"/"&$A16 -> БОВГ-П-0,05/0,05
A17: 0.55 | C17: =$C$1&"-"&$A17&"-"&C$2 -> БВ-0,55-xx | D17: =$C$1&"-"&$A17&"-"&D$2 -> БВ-0,55-РП | E17: =$C$1&"-"&$A17&"-"&E$2 -> БВ-0,55-Рх | F17: =$C$1&"-"&$A17&"-"&F$2 -> БВ-0,55-хП | G17: =$G$1&"-"&$A17&"-"&G$2 -> БОВ-0,55-С | H17: =$G$1&"-"&$A17&"-"&H$2 -> БОВ-0,55-Т | I17: =$G$1&"-"&$A17&"-"&I$2 -> БОВ-0,55-Т-2(50%) | J17: =$G$1&"-"&$A17&"-"&J$2 -> БОВ-0,55-Т-2(75%) | K17: =$G$1&"-"&$A17&"-"&K$2 -> БОВ-0,55-Т-2(100%) | L17: =$L$1&"-"&$A17 -> БГ-0,55 | M17: =$L$1&"-"&M$2&"-"&$A17&"/"&$A17 -> БГ-С-0,55/0,55 | N17: =$L$1&"-"&N$2&"-"&$A17&"/"&$A17 -> БГ-П-0,55/0,55 | O17: =$O$1&"-"&$A17 -> БОВГ-0,55 | P17: =$O$1&"-"&P$2&"-"&$A17&"/"&$A17 -> БОВГ-С-0,55/0,55 | Q17: =$O$1&"-"&Q$2&"-"&$A17&"/"&$A17 -> БОВГ-П-0,55/0,55
A18: 0,06 | C18: =$C$1&"-"&$A18&"-"&C$2 -> БВ-0,06-xx | D18: =$C$1&"-"&$A18&"-"&D$2 -> БВ-0,06-РП | E18: =$C$1&"-"&$A18&"-"&E$2 -> БВ-0,06-Рх | F18: =$C$1&"-"&$A18&"-"&F$2 -> БВ-0,06-хП | G18: =$G$1&"-"&$A18&"-"&G$2 -> БОВ-0,06-С | H18: =$G$1&"-"&$A18&"-"&H$2 -> БОВ-0,06-Т | I18: =$G$1&"-"&$A18&"-"&I$2 -> БОВ-0,06-Т-2(50%) | J18: =$G$1&"-"&$A18&"-"&J$2 -> БОВ-0,06-Т-2(75%) | K18: =$G$1&"-"&$A18&"-"&K$2 -> БОВ-0,06-Т-2(100%) | L18: =$L$1&"-"&$A18 -> БГ-0,06 | M18: =$L$1&"-"&M$2&"-"&$A18&"/"&$A18 -> БГ-С-0,06/0,06 | N18: =$L$1&"-"&N$2&"-"&$A18&"/"&$A18 -> БГ-П-0,06/0,06 | O18: =$O$1&"-"&$A18 -> БОВГ-0,06 | P18: =$O$1&"-"&P$2&"-"&$A18&"/"&$A18 -> БОВГ-С-0,06/0,06 | Q18: =$O$1&"-"&Q$2&"-"&$A18&"/"&$A18 -> БОВГ-П-0,06/0,06
A19: 0.65 | C19: =$C$1&"-"&$A19&"-"&C$2 -> БВ-0,65-xx | D19: =$C$1&"-"&$A19&"-"&D$2 -> БВ-0,65-РП | E19: =$C$1&"-"&$A19&"-"&E$2 -> БВ-0,65-Рх | F19: =$C$1&"-"&$A19&"-"&F$2 -> БВ-0,65-хП | G19: =$G$1&"-"&$A19&"-"&G$2 -> БОВ-0,65-С | H19: =$G$1&"-"&$A19&"-"&H$2 -> БОВ-0,65-Т | I19: =$G$1&"-"&$A19&"-"&I$2 -> БОВ-0,65-Т-2(50%) | J19: =$G$1&"-"&$A19&"-"&J$2 -> БОВ-0,65-Т-2(75%) | K19: =$G$1&"-"&$A19&"-"&K$2 -> БОВ-0,65-Т-2(100%) | L19: =$L$1&"-"&$A19 -> БГ-0,65 | M19: =$L$1&"-"&M$2&"-"&$A19&"/"&$A19 -> БГ-С-0,65/0,65 | N19: =$L$1&"-"&N$2&"-"&$A19&"/"&$A19 -> БГ-П-0,65/0,65 | O19: =$O$1&"-"&$A19 -> БОВГ-0,65 | P19: =$O$1&"-"&P$2&"-"&$A19&"/"&$A19 -> БОВГ-С-0,65/0,65 | Q19: =$O$1&"-"&Q$2&"-"&$A19&"/"&$A19 -> БОВГ-П-0,65/0,65
A20: 0,07 | C20: =$C$1&"-"&$A20&"-"&C$2 -> БВ-0,07-xx | D20: =$C$1&"-"&$A20&"-"&D$2 -> БВ-0,07-РП | E20: =$C$1&"-"&$A20&"-"&E$2 -> БВ-0,07-Рх | F20: =$C$1&"-"&$A20&"-"&F$2 -> БВ-0,07-хП | G20: =$G$1&"-"&$A20&"-"&G$2 -> БОВ-0,07-С | H20: =$G$1&"-"&$A20&"-"&H$2 -> БОВ-0,07-Т | I20: =$G$1&"-"&$A20&"-"&I$2 -> БОВ-0,07-Т-2(50%) | J20: =$G$1&"-"&$A20&"-"&J$2 -> БОВ-0,07-Т-2(75%) | K20: =$G$1&"-"&$A20&"-"&K$2 -> БОВ-0,07-Т-2(100%) | L20: =$L$1&"-"&$A20 -> БГ-0,07 | M20: =$L$1&"-"&M$2&"-"&$A20&"/"&$A20 -> БГ-С-0,07/0,07 | N20: =$L$1&"-"&N$2&"-"&$A20&"/"&$A20 -> БГ-П-0,07/0,07 | O20: =$O$1&"-"&$A20 -> БОВГ-0,07 | P20: =$O$1&"-"&P$2&"-"&$A20&"/"&$A20 -> БОВГ-С-0,07/0,07 | Q20: =$O$1&"-"&Q$2&"-"&$A20&"/"&$A20 -> БОВГ-П-0,07/0,07
A21: 0.75 | C21: =$C$1&"-"&$A21&"-"&C$2 -> БВ-0,75-xx | D21: =$C$1&"-"&$A21&"-"&D$2 -> БВ-0,75-РП | E21: =$C$1&"-"&$A21&"-"&E$2 -> БВ-0,75-Рх | F21: =$C$1&"-"&$A21&"-"&F$2 -> БВ-0,75-хП | G21: =$G$1&"-"&$A21&"-"&G$2 -> БОВ-0,75-С | H21: =$G$1&"-"&$A21&"-"&H$2 -> БОВ-0,75-Т | I21: =$G$1&"-"&$A21&"-"&I$2 -> БОВ-0,75-Т-2(50%) | J21: =$G$1&"-"&$A21&"-"&J$2 -> БОВ-0,75-Т-2(75%) | K21: =$G$1&"-"&$A21&"-"&K$2 -> БОВ-0,75-Т-2(100%) | L21: =$L$1&"-"&$A21 -> БГ-0,75 | M21: =$L$1&"-"&M$2&"-"&$A21&"/"&$A21 -> БГ-С-0,75/0,75 | N21: =$L$1&"-"&N$2&"-"&$A21&"/"&$A21 -> БГ-П-0,75/0,75 | O21: =$O$1&"-"&$A21 -> БОВГ-0,75 | P21: =$O$1&"-"&P$2&"-"&$A21&"/"&$A21 -> БОВГ-С-0,75/0,75 | Q21: =$O$1&"-"&Q$2&"-"&$A21&"/"&$A21 -> БОВГ-П-0,75/0,75
A22: 0,08 | C22: =$C$1&"-"&$A22&"-"&C$2 -> БВ-0,08-xx | D22: =$C$1&"-"&$A22&"-"&D$2 -> БВ-0,08-РП | E22: =$C$1&"-"&$A22&"-"&E$2 -> БВ-0,08-Рх | F22: =$C$1&"-"&$A22&"-"&F$2 -> БВ-0,08-хП | G22: =$G$1&"-"&$A22&"-"&G$2 -> БОВ-0,08-С | H22: =$G$1&"-"&$A22&"-"&H$2 -> БОВ-0,08-Т | I22: =$G$1&"-"&$A22&"-"&I$2 -> БОВ-0,08-Т-2(50%) | J22: =$G$1&"-"&$A22&"-"&J$2 -> БОВ-0,08-Т-2(75%) | K22: =$G$1&"-"&$A22&"-"&K$2 -> БОВ-0,08-Т-2(100%) | L22: =$L$1&"-"&$A22 -> БГ-0,08 | M22: =$L$1&"-"&M$2&"-"&$A22&"/"&$A22 -> БГ-С-0,08/0,08 | N22: =$L$1&"-"&N$2&"-"&$A22&"/"&$A22 -> БГ-П-0,08/0,08 | O22: =$O$1&"-"&$A22 -> БОВГ-0,08 | P22: =$O$1&"-"&P$2&"-"&$A22&"/"&$A22 -> БОВГ-С-0,08/0,08 | Q22: =$O$1&"-"&Q$2&"-"&$A22&"/"&$A22 -> БОВГ-П-0,08/0,08
A23: 0.85 | C23: =$C$1&"-"&$A23&"-"&C$2 -> БВ-0,85-xx | D23: =$C$1&"-"&$A23&"-"&D$2 -> БВ-0,85-РП | E23: =$C$1&"-"&$A23&"-"&E$2 -> БВ-0,85-Рх | F23: =$C$1&"-"&$A23&"-"&F$2 -> БВ-0,85-хП | G23: =$G$1&"-"&$A23&"-"&G$2 -> БОВ-0,85-С | H23: =$G$1&"-"&$A23&"-"&H$2 -> БОВ-0,85-Т | I23: =$G$1&"-"&$A23&"-"&I$2 -> БОВ-0,85-Т-2(50%) | J23: =$G$1&"-"&$A23&"-"&J$2 -> БОВ-0,85-Т-2(75%) | K23: =$G$1&"-"&$A23&"-"&K$2 -> БОВ-0,85-Т-2(100%) | L23: =$L$1&"-"&$A23 -> БГ-0,85 | M23: =$L$1&"-"&M$2&"-"&$A23&"/"&$A23 -> БГ-С-0,85/0,85 | N23: =$L$1&"-"&N$2&"-"&$A23&"/"&$A23 -> БГ-П-0,85/0,85 | O23: =$O$1&"-"&$A23 -> БОВГ-0,85 | P23: =$O$1&"-"&P$2&"-"&$A23&"/"&$A23 -> БОВГ-С-0,85/0,85 | Q23: =$O$1&"-"&Q$2&"-"&$A23&"/"&$A23 -> БОВГ-П-0,85/0,85
A24: 0,09 | C24: =$C$1&"-"&$A24&"-"&C$2 -> БВ-0,09-xx | D24: =$C$1&"-"&$A24&"-"&D$2 -> БВ-0,09-РП | E24: =$C$1&"-"&$A24&"-"&E$2 -> БВ-0,09-Рх | F24: =$C$1&"-"&$A24&"-"&F$2 -> БВ-0,09-хП | G24: =$G$1&"-"&$A24&"-"&G$2 -> БОВ-0,09-С | H24: =$G$1&"-"&$A24&"-"&H$2 -> БОВ-0,09-Т | I24: =$G$1&"-"&$A24&"-"&I$2 -> БОВ-0,09-Т-2(50%) | J24: =$G$1&"-"&$A24&"-"&J$2 -> БОВ-0,09-Т-2(75%) | K24: =$G$1&"-"&$A24&"-"&K$2 -> БОВ-0,09-Т-2(100%) | L24: =$L$1&"-"&$A24 -> БГ-0,09 | M24: =$L$1&"-"&M$2&"-"&$A24&"/"&$A24 -> БГ-С-0,09/0,09 | N24: =$L$1&"-"&N$2&"-"&$A24&"/"&$A24 -> БГ-П-0,09/0,09 | O24: =$O$1&"-"&$A24 -> БОВГ-0,09 | P24: =$O$1&"-"&P$2&"-"&$A24&"/"&$A24 -> БОВГ-С-0,09/0,09 | Q24: =$O$1&"-"&Q$2&"-"&$A24&"/"&$A24 -> БОВГ-П-0,09/0,09
A25: 0.95 | C25: =$C$1&"-"&$A25&"-"&C$2 -> БВ-0,95-xx | D25: =$C$1&"-"&$A25&"-"&D$2 -> БВ-0,95-РП | E25: =$C$1&"-"&$A25&"-"&E$2 -> БВ-0,95-Рх | F25: =$C$1&"-"&$A25&"-"&F$2 -> БВ-0,95-хП | G25: =$G$1&"-"&$A25&"-"&G$2 -> БОВ-0,95-С | H25: =$G$1&"-"&$A25&"-"&H$2 -> БОВ-0,95-Т | I25: =$G$1&"-"&$A25&"-"&I$2 -> БОВ-0,95-Т-2(50%) | J25: =$G$1&"-"&$A25&"-"&J$2 -> БОВ-0,95-Т-2(75%) | K25: =$G$1&"-"&$A25&"-"&K$2 -> БОВ-0,95-Т-2(100%) | L25: =$L$1&"-"&$A25 -> БГ-0,95 | M25: =$L$1&"-"&M$2&"-"&$A25&"/"&$A25 -> БГ-С-0,95/0,95 | N25: =$L$1&"-"&N$2&"-"&$A25&"/"&$A25 -> БГ-П-0,95/0,95 | O25: =$O$1&"-"&$A25 -> БОВГ-0,95 | P25: =$O$1&"-"&P$2&"-"&$A25&"/"&$A25 -> БОВГ-С-0,95/0,95 | Q25: =$O$1&"-"&Q$2&"-"&$A25&"/"&$A25 -> БОВГ-П-0,95/0,95
A26: 1,0 | C26: =$C$1&"-"&$A26&"-"&C$2 -> БВ-1,0-xx | D26: =$C$1&"-"&$A26&"-"&D$2 -> БВ-1,0-РП | E26: =$C$1&"-"&$A26&"-"&E$2 -> БВ-1,0-Рх | F26: =$C$1&"-"&$A26&"-"&F$2 -> БВ-1,0-хП | G26: =$G$1&"-"&$A26&"-"&G$2 -> БОВ-1,0-С | H26: =$G$1&"-"&$A26&"-"&H$2 -> БОВ-1,0-Т | I26: =$G$1&"-"&$A26&"-"&I$2 -> БОВ-1,0-Т-2(50%) | J26: =$G$1&"-"&$A26&"-"&J$2 -> БОВ-1,0-Т-2(75%) | K26: =$G$1&"-"&$A26&"-"&K$2 -> БОВ-1,0-Т-2(100%) | L26: =$L$1&"-"&$A26 -> БГ-1,0 | M26: =$L$1&"-"&M$2&"-"&$A26&"/"&$A26 -> БГ-С-1,0/1,0 | N26: =$L$1&"-"&N$2&"-"&$A26&"/"&$A26 -> БГ-П-1,0/1,0 | O26: =$O$1&"-"&$A26 -> БОВГ-1,0 | P26: =$O$1&"-"&P$2&"-"&$A26&"/"&$A26 -> БОВГ-С-1,0/1,0 | Q26: =$O$1&"-"&Q$2&"-"&$A26&"/"&$A26 -> БОВГ-П-1,0/1,0
A27: 1.1 | C27: =$C$1&"-"&$A27&"-"&C$2 -> БВ-1,1-xx | D27: =$C$1&"-"&$A27&"-"&D$2 -> БВ-1,1-РП | E27: =$C$1&"-"&$A27&"-"&E$2 -> БВ-1,1-Рх | F27: =$C$1&"-"&$A27&"-"&F$2 -> БВ-1,1-хП | G27: =$G$1&"-"&$A27&"-"&G$2 -> БОВ-1,1-С | H27: =$G$1&"-"&$A27&"-"&H$2 -> БОВ-1,1-Т | I27: =$G$1&"-"&$A27&"-"&I$2 -> БОВ-1,1-Т-2(50%) | J27: =$G$1&"-"&$A27&"-"&J$2 -> БОВ-1,1-Т-2(75%) | K27: =$G$1&"-"&$A27&"-"&K$2 -> БОВ-1,1-Т-2(100%) | L27: =$L$1&"-"&$A27 -> БГ-1,1 | M27: =$L$1&"-"&M$2&"-"&$A27&"/"&$A27 -> БГ-С-1,1/1,1 | N27: =$L$1&"-"&N$2&"-"&$A27&"/"&$A27 -> БГ-П-1,1/1,1 | O27: =$O$1&"-"&$A27 -> БОВГ-1,1 | P27: =$O$1&"-"&P$2&"-"&$A27&"/"&$A27 -> БОВГ-С-1,1/1,1 | Q27: =$O$1&"-"&Q$2&"-"&$A27&"/"&$A27 -> БОВГ-П-1,1/1,1
A28: 1.2 | C28: =$C$1&"-"&$A28&"-"&C$2 -> БВ-1,2-xx | D28: =$C$1&"-"&$A28&"-"&D$2 -> БВ-1,2-РП | E28: =$C$1&"-"&$A28&"-"&E$2 -> БВ-1,2-Рх | F28: =$C$1&"-"&$A28&"-"&F$2 -> БВ-1,2-хП | G28: =$G$1&"-"&$A28&"-"&G$2 -> БОВ-1,2-С | H28: =$G$1&"-"&$A28&"-"&H$2 -> БОВ-1,2-Т | I28: =$G$1&"-"&$A28&"-"&I$2 -> БОВ-1,2-Т-2(50%) | J28: =$G$1&"-"&$A28&"-"&J$2 -> БОВ-1,2-Т-2(75%) | K28: =$G$1&"-"&$A28&"-"&K$2 -> БОВ-1,2-Т-2(100%) | L28: =$L$1&"-"&$A28 -> БГ-1,2 | M28: =$L$1&"-"&M$2&"-"&$A28&"/"&$A28 -> БГ-С-1,2/1,2 | N28: =$L$1&"-"&N$2&"-"&$A28&"/"&$A28 -> БГ-П-1,2/1,2 | O28: =$O$1&"-"&$A28 -> БОВГ-1,2 | P28: =$O$1&"-"&P$2&"-"&$A28&"/"&$A28 -> БОВГ-С-1,2/1,2 | Q28: =$O$1&"-"&Q$2&"-"&$A28&"/"&$A28 -> БОВГ-П-1,2/1,2
A29: 1.3 | C29: =$C$1&"-"&$A29&"-"&C$2 -> БВ-1,3-xx | D29: =$C$1&"-"&$A29&"-"&D$2 -> БВ-1,3-РП | E29: =$C$1&"-"&$A29&"-"&E$2 -> БВ-1,3-Рх | F29: =$C$1&"-"&$A29&"-"&F$2 -> БВ-1,3-хП | G29: =$G$1&"-"&$A29&"-"&G$2 -> БОВ-1,3-С | H29: =$G$1&"-"&$A29&"-"&H$2 -> БОВ-1,3-Т | I29: =$G$1&"-"&$A29&"-"&I$2 -> БОВ-1,3-Т-2(50%) | J29: =$G$1&"-"&$A29&"-"&J$2 -> БОВ-1,3-Т-2(75%) | K29: =$G$1&"-"&$A29&"-"&K$2 -> БОВ-1,3-Т-2(100%) | L29: =$L$1&"-"&$A29 -> БГ-1,3 | M29: =$L$1&"-"&M$2&"-"&$A29&"/"&$A29 -> БГ-С-1,3/1,3 | N29: =$L$1&"-"&N$2&"-"&$A29&"/"&$A29 -> БГ-П-1,3/1,3 | O29: =$O$1&"-"&$A29 -> БОВГ-1,3 | P29: =$O$1&"-"&P$2&"-"&$A29&"/"&$A29 -> БОВГ-С-1,3/1,3 | Q29: =$O$1&"-"&Q$2&"-"&$A29&"/"&$A29 -> БОВГ-П-1,3/1,3
A30: 1.4 | C30: =$C$1&"-"&$A30&"-"&C$2 -> БВ-1,4-xx | D30: =$C$1&"-"&$A30&"-"&D$2 -> БВ-1,4-РП | E30: =$C$1&"-"&$A30&"-"&E$2 -> БВ-1,4-Рх | F30: =$C$1&"-"&$A30&"-"&F$2 -> БВ-1,4-хП | G30: =$G$1&"-"&$A30&"-"&G$2 -> БОВ-1,4-С | H30: =$G$1&"-"&$A30&"-"&H$2 -> БОВ-1,4-Т | I30: =$G$1&"-"&$A30&"-"&I$2 -> БОВ-1,4-Т-2(50%) | J30: =$G$1&"-"&$A30&"-"&J$2 -> БОВ-1,4-Т-2(75%) | K30: =$G$1&"-"&$A30&"-"&K$2 -> БОВ-1,4-Т-2(100%) | L30: =$L$1&"-"&$A30 -> БГ-1,4 | M30: =$L$1&"-"&M$2&"-"&$A30&"/"&$A30 -> БГ-С-1,4/1,4 | N30: =$L$1&"-"&N$2&"-"&$A30&"/"&$A30 -> БГ-П-1,4/1,4 | O30: =$O$1&"-"&$A30 -> БОВГ-1,4 | P30: =$O$1&"-"&P$2&"-"&$A30&"/"&$A30 -> БОВГ-С-1,4/1,4 | Q30: =$O$1&"-"&Q$2&"-"&$A30&"/"&$A30 -> БОВГ-П-1,4/1,4
A31: 1.5 | C31: =$C$1&"-"&$A31&"-"&C$2 -> БВ-1,5-xx | D31: =$C$1&"-"&$A31&"-"&D$2 -> БВ-1,5-РП | E31: =$C$1&"-"&$A31&"-"&E$2 -> БВ-1,5-Рх | F31: =$C$1&"-"&$A31&"-"&F$2 -> БВ-1,5-хП | G31: =$G$1&"-"&$A31&"-"&G$2 -> БОВ-1,5-С | H31: =$G$1&"-"&$A31&"-"&H$2 -> БОВ-1,5-Т | I31: =$G$1&"-"&$A31&"-"&I$2 -> БОВ-1,5-Т-2(50%) | J31: =$G$1&"-"&$A31&"-"&J$2 -> БОВ-1,5-Т-2(75%) | K31: =$G$1&"-"&$A31&"-"&K$2 -> БОВ-1,5-Т-2(100%) | L31: =$L$1&"-"&$A31 -> БГ-1,5 | M31: =$L$1&"-"&M$2&"-"&$A31&"/"&$A31 -> БГ-С-1,5/1,5 | N31: =$L$1&"-"&N$2&"-"&$A31&"/"&$A31 -> БГ-П-1,5/1,5 | O31: =$O$1&"-"&$A31 -> БОВГ-1,5 | P31: =$O$1&"-"&P$2&"-"&$A31&"/"&$A31 -> БОВГ-С-1,5/1,5 | Q31: =$O$1&"-"&Q$2&"-"&$A31&"/"&$A31 -> БОВГ-П-1,5/1,5
A32: 1.6 | C32: =$C$1&"-"&$A32&"-"&C$2 -> БВ-1,6-xx | D32: =$C$1&"-"&$A32&"-"&D$2 -> БВ-1,6-РП | E32: =$C$1&"-"&$A32&"-"&E$2 -> БВ-1,6-Рх | F32: =$C$1&"-"&$A32&"-"&F$2 -> БВ-1,6-хП | G32: =$G$1&"-"&$A32&"-"&G$2 -> БОВ-1,6-С | H32: =$G$1&"-"&$A32&"-"&H$2 -> БОВ-1,6-Т | I32: =$G$1&"-"&$A32&"-"&I$2 -> БОВ-1,6-Т-2(50%) | J32: =$G$1&"-"&$A32&"-"&J$2 -> БОВ-1,6-Т-2(75%) | K32: =$G$1&"-"&$A32&"-"&K$2 -> БОВ-1,6-Т-2(100%) | L32: =$L$1&"-"&$A32 -> БГ-1,6 | M32: =$L$1&"-"&M$2&"-"&$A32&"/"&$A32 -> БГ-С-1,6/1,6 | N32: =$L$1&"-"&N$2&"-"&$A32&"/"&$A32 -> БГ-П-1,6/1,6 | O32: =$O$1&"-"&$A32 -> БОВГ-1,6 | P32: =$O$1&"-"&P$2&"-"&$A32&"/"&$A32 -> БОВГ-С-1,6/1,6 | Q32: =$O$1&"-"&Q$2&"-"&$A32&"/"&$A32 -> БОВГ-П-1,6/1,6
A33: 1.7 | C33: =$C$1&"-"&$A33&"-"&C$2 -> БВ-1,7-xx | D33: =$C$1&"-"&$A33&"-"&D$2 -> БВ-1,7-РП | E33: =$C$1&"-"&$A33&"-"&E$2 -> БВ-1,7-Рх | F33: =$C$1&"-"&$A33&"-"&F$2 -> БВ-1,7-хП | G33: =$G$1&"-"&$A33&"-"&G$2 -> БОВ-1,7-С | H33: =$G$1&"-"&$A33&"-"&H$2 -> БОВ-1,7-Т | I33: =$G$1&"-"&$A33&"-"&I$2 -> БОВ-1,7-Т-2(50%) | J33: =$G$1&"-"&$A33&"-"&J$2 -> БОВ-1,7-Т-2(75%) | K33: =$G$1&"-"&$A33&"-"&K$2 -> БОВ-1,7-Т-2(100%) | L33: =$L$1&"-"&$A33 -> БГ-1,7 | M33: =$L$1&"-"&M$2&"-"&$A33&"/"&$A33 -> БГ-С-1,7/1,7 | N33: =$L$1&"-"&N$2&"-"&$A33&"/"&$A33 -> БГ-П-1,7/1,7 | O33: =$O$1&"-"&$A33 -> БОВГ-1,7 | P33: =$O$1&"-"&P$2&"-"&$A33&"/"&$A33 -> БОВГ-С-1,7/1,7 | Q33: =$O$1&"-"&Q$2&"-"&$A33&"/"&$A33 -> БОВГ-П-1,7/1,7
A34: 1.8 | C34: =$C$1&"-"&$A34&"-"&C$2 -> БВ-1,8-xx | D34: =$C$1&"-"&$A34&"-"&D$2 -> БВ-1,8-РП | E34: =$C$1&"-"&$A34&"-"&E$2 -> БВ-1,8-Рх | F34: =$C$1&"-"&$A34&"-"&F$2 -> БВ-1,8-хП | G34: =$G$1&"-"&$A34&"-"&G$2 -> БОВ-1,8-С | H34: =$G$1&"-"&$A34&"-"&H$2 -> БОВ-1,8-Т | I34: =$G$1&"-"&$A34&"-"&I$2 -> БОВ-1,8-Т-2(50%) | J34: =$G$1&"-"&$A34&"-"&J$2 -> БОВ-1,8-Т-2(75%) | K34: =$G$1&"-"&$A34&"-"&K$2 -> БОВ-1,8-Т-2(100%) | L34: =$L$1&"-"&$A34 -> БГ-1,8 | M34: =$L$1&"-"&M$2&"-"&$A34&"/"&$A34 -> БГ-С-1,8/1,8 | N34: =$L$1&"-"&N$2&"-"&$A34&"/"&$A34 -> БГ-П-1,8/1,8 | O34: =$O$1&"-"&$A34 -> БОВГ-1,8 | P34: =$O$1&"-"&P$2&"-"&$A34&"/"&$A34 -> БОВГ-С-1,8/1,8 | Q34: =$O$1&"-"&Q$2&"-"&$A34&"/"&$A34 -> БОВГ-П-1,8/1,8
A35: 1.9 | C35: =$C$1&"-"&$A35&"-"&C$2 -> БВ-1,9-xx | D35: =$C$1&"-"&$A35&"-"&D$2 -> БВ-1,9-РП | E35: =$C$1&"-"&$A35&"-"&E$2 -> БВ-1,9-Рх | F35: =$C$1&"-"&$A35&"-"&F$2 -> БВ-1,9-хП | G35: =$G$1&"-"&$A35&"-"&G$2 -> БОВ-1,9-С | H35: =$G$1&"-"&$A35&"-"&H$2 -> БОВ-1,9-Т | I35: =$G$1&"-"&$A35&"-"&I$2 -> БОВ-1,9-Т-2(50%) | J35: =$G$1&"-"&$A35&"-"&J$2 -> БОВ-1,9-Т-2(75%) | K35: =$G$1&"-"&$A35&"-"&K$2 -> БОВ-1,9-Т-2(100%) | L35: =$L$1&"-"&$A35 -> БГ-1,9 | M35: =$L$1&"-"&M$2&"-"&$A35&"/"&$A35 -> БГ-С-1,9/1,9 | N35: =$L$1&"-"&N$2&"-"&$A35&"/"&$A35 -> БГ-П-1,9/1,9 | O35: =$O$1&"-"&$A35 -> БОВГ-1,9 | P35: =$O$1&"-"&P$2&"-"&$A35&"/"&$A35 -> БОВГ-С-1,9/1,9 | Q35: =$O$1&"-"&Q$2&"-"&$A35&"/"&$A35 -> БОВГ-П-1,9/1,9
A36: 2,0 | C36: =$C$1&"-"&$A36&"-"&C$2 -> БВ-2,0-xx | D36: =$C$1&"-"&$A36&"-"&D$2 -> БВ-2,0-РП | E36: =$C$1&"-"&$A36&"-"&E$2 -> БВ-2,0-Рх | F36: =$C$1&"-"&$A36&"-"&F$2 -> БВ-2,0-хП | G36: =$G$1&"-"&$A36&"-"&G$2 -> БОВ-2,0-С | H36: =$G$1&"-"&$A36&"-"&H$2 -> БОВ-2,0-Т | I36: =$G$1&"-"&$A36&"-"&I$2 -> БОВ-2,0-Т-2(50%) | J36: =$G$1&"-"&$A36&"-"&J$2 -> БОВ-2,0-Т-2(75%) | K36: =$G$1&"-"&$A36&"-"&K$2 -> БОВ-2,0-Т-2(100%) | L36: =$L$1&"-"&$A36 -> БГ-2,0 | M36: =$L$1&"-"&M$2&"-"&$A36&"/"&$A36 -> БГ-С-2,0/2,0 | N36: =$L$1&"-"&N$2&"-"&$A36&"/"&$A36 -> БГ-П-2,0/2,0 | O36: =$O$1&"-"&$A36 -> БОВГ-2,0 | P36: =$O$1&"-"&P$2&"-"&$A36&"/"&$A36 -> БОВГ-С-2,0/2,0 | Q36: =$O$1&"-"&Q$2&"-"&$A36&"/"&$A36 -> БОВГ-П-2,0/2,0
A37: 2.1 | C37: =$C$1&"-"&$A37&"-"&C$2 -> БВ-2,1-xx | D37: =$C$1&"-"&$A37&"-"&D$2 -> БВ-2,1-РП | E37: =$C$1&"-"&$A37&"-"&E$2 -> БВ-2,1-Рх | F37: =$C$1&"-"&$A37&"-"&F$2 -> БВ-2,1-хП | G37: =$G$1&"-"&$A37&"-"&G$2 -> БОВ-2,1-С | H37: =$G$1&"-"&$A37&"-"&H$2 -> БОВ-2,1-Т | I37: =$G$1&"-"&$A37&"-"&I$2 -> БОВ-2,1-Т-2(50%) | J37: =$G$1&"-"&$A37&"-"&J$2 -> БОВ-2,1-Т-2(75%) | K37: =$G$1&"-"&$A37&"-"&K$2 -> БОВ-2,1-Т-2(100%) | L37: =$L$1&"-"&$A37 -> БГ-2,1 | M37: =$L$1&"-"&M$2&"-"&$A37&"/"&$A37 -> БГ-С-2,1/2,1 | N37: =$L$1&"-"&N$2&"-"&$A37&"/"&$A37 -> БГ-П-2,1/2,1 | O37: =$O$1&"-"&$A37 -> БОВГ-2,1 | P37: =$O$1&"-"&P$2&"-"&$A37&"/"&$A37 -> БОВГ-С-2,1/2,1 | Q37: =$O$1&"-"&Q$2&"-"&$A37&"/"&$A37 -> БОВГ-П-2,1/2,1
A38: 2.2 | C38: =$C$1&"-"&$A38&"-"&C$2 -> БВ-2,2-xx | D38: =$C$1&"-"&$A38&"-"&D$2 -> БВ-2,2-РП | E38: =$C$1&"-"&$A38&"-"&E$2 -> БВ-2,2-Рх | F38: =$C$1&"-"&$A38&"-"&F$2 -> БВ-2,2-хП | G38: =$G$1&"-"&$A38&"-"&G$2 -> БОВ-2,2-С | H38: =$G$1&"-"&$A38&"-"&H$2 -> БОВ-2,2-Т | I38: =$G$1&"-"&$A38&"-"&I$2 -> БОВ-2,2-Т-2(50%) | J38: =$G$1&"-"&$A38&"-"&J$2 -> БОВ-2,2-Т-2(75%) | K38: =$G$1&"-"&$A38&"-"&K$2 -> БОВ-2,2-Т-2(100%) | L38: =$L$1&"-"&$A38 -> БГ-2,2 | M38: =$L$1&"-"&M$2&"-"&$A38&"/"&$A38 -> БГ-С-2,2/2,2 | N38: =$L$1&"-"&N$2&"-"&$A38&"/"&$A38 -> БГ-П-2,2/2,2 | O38: =$O$1&"-"&$A38 -> БОВГ-2,2 | P38: =$O$1&"-"&P$2&"-"&$A38&"/"&$A38 -> БОВГ-С-2,2/2,2 | Q38: =$O$1&"-"&Q$2&"-"&$A38&"/"&$A38 -> БОВГ-П-2,2/2,2
A39: 2.3 | C39: =$C$1&"-"&$A39&"-"&C$2 -> БВ-2,3-xx | D39: =$C$1&"-"&$A39&"-"&D$2 -> БВ-2,3-РП | E39: =$C$1&"-"&$A39&"-"&E$2 -> БВ-2,3-Рх | F39: =$C$1&"-"&$A39&"-"&F$2 -> БВ-2,3-хП | G39: =$G$1&"-"&$A39&"-"&G$2 -> БОВ-2,3-С | H39: =$G$1&"-"&$A39&"-"&H$2 -> БОВ-2,3-Т | I39: =$G$1&"-"&$A39&"-"&I$2 -> БОВ-2,3-Т-2(50%) | J39: =$G$1&"-"&$A39&"-"&J$2 -> БОВ-2,3-Т-2(75%) | K39: =$G$1&"-"&$A39&"-"&K$2 -> БОВ-2,3-Т-2(100%) | L39: =$L$1&"-"&$A39 -> БГ-2,3 | M39: =$L$1&"-"&M$2&"-"&$A39&"/"&$A39 -> БГ-С-2,3/2,3 | N39: =$L$1&"-"&N$2&"-"&$A39&"/"&$A39 -> БГ-П-2,3/2,3 | O39: =$O$1&"-"&$A39 -> БОВГ-2,3 | P39: =$O$1&"-"&P$2&"-"&$A39&"/"&$A39 -> БОВГ-С-2,3/2,3 | Q39: =$O$1&"-"&Q$2&"-"&$A39&"/"&$A39 -> БОВГ-П-2,3/2,3
A40: 2.4 | C40: =$C$1&"-"&$A40&"-"&C$2 -> БВ-2,4-xx | D40: =$C$1&"-"&$A40&"-"&D$2 -> БВ-2,4-РП | E40: =$C$1&"-"&$A40&"-"&E$2 -> БВ-2,4-Рх | F40: =$C$1&"-"&$A40&"-"&F$2 -> БВ-2,4-хП | G40: =$G$1&"-"&$A40&"-"&G$2 -> БОВ-2,4-С | H40: =$G$1&"-"&$A40&"-"&H$2 -> БОВ-2,4-Т | I40: =$G$1&"-"&$A40&"-"&I$2 -> БОВ-2,4-Т-2(50%) | J40: =$G$1&"-"&$A40&"-"&J$2 -> БОВ-2,4-Т-2(75%) | K40: =$G$1&"-"&$A40&"-"&K$2 -> БОВ-2,4-Т-2(100%) | L40: =$L$1&"-"&$A40 -> БГ-2,4 | M40: =$L$1&"-"&M$2&"-"&$A40&"/"&$A40 -> БГ-С-2,4/2,4 | N40: =$L$1&"-"&N$2&"-"&$A40&"/"&$A40 -> БГ-П-2,4/2,4 | O40: =$O$1&"-"&$A40 -> БОВГ-2,4 | P40: =$O$1&"-"&P$2&"-"&$A40&"/"&$A40 -> БОВГ-С-2,4/2,4 | Q40: =$O$1&"-"&Q$2&"-"&$A40&"/"&$A40 -> БОВГ-П-2,4/2,4
A41: 2.5 | C41: =$C$1&"-"&$A41&"-"&C$2 -> БВ-2,5-xx | D41: =$C$1&"-"&$A41&"-"&D$2 -> БВ-2,5-РП | E41: =$C$1&"-"&$A41&"-"&E$2 -> БВ-2,5-Рх | F41: =$C$1&"-"&$A41&"-"&F$2 -> БВ-2,5-хП | G41: =$G$1&"-"&$A41&"-"&G$2 -> БОВ-2,5-С | H41: =$G$1&"-"&$A41&"-"&H$2 -> БОВ-2,5-Т | I41: =$G$1&"-"&$A41&"-"&I$2 -> БОВ-2,5-Т-2(50%) | J41: =$G$1&"-"&$A41&"-"&J$2 -> БОВ-2,5-Т-2(75%) | K41: =$G$1&"-"&$A41&"-"&K$2 -> БОВ-2,5-Т-2(100%) | L41: =$L$1&"-"&$A41 -> БГ-2,5 | M41: =$L$1&"-"&M$2&"-"&$A41&"/"&$A41 -> БГ-С-2,5/2,5 | N41: =$L$1&"-"&N$2&"-"&$A41&"/"&$A41 -> БГ-П-2,5/2,5 | O41: =$O$1&"-"&$A41 -> БОВГ-2,5 | P41: =$O$1&"-"&P$2&"-"&$A41&"/"&$A41 -> БОВГ-С-2,5/2,5 | Q41: =$O$1&"-"&Q$2&"-"&$A41&"/"&$A41 -> БОВГ-П-2,5/2,5
A42: 2.6 | C42: =$C$1&"-"&$A42&"-"&C$2 -> БВ-2,6-xx | D42: =$C$1&"-"&$A42&"-"&D$2 -> БВ-2,6-РП | E42: =$C$1&"-"&$A42&"-"&E$2 -> БВ-2,6-Рх | F42: =$C$1&"-"&$A42&"-"&F$2 -> БВ-2,6-хП | G42: =$G$1&"-"&$A42&"-"&G$2 -> БОВ-2,6-С | H42: =$G$1&"-"&$A42&"-"&H$2 -> БОВ-2,6-Т | I42: =$G$1&"-"&$A42&"-"&I$2 -> БОВ-2,6-Т-2(50%) | J42: =$G$1&"-"&$A42&"-"&J$2 -> БОВ-2,6-Т-2(75%) | K42: =$G$1&"-"&$A42&"-"&K$2 -> БОВ-2,6-Т-2(100%) | L42: =$L$1&"-"&$A42 -> БГ-2,6 | M42: =$L$1&"-"&M$2&"-"&$A42&"/"&$A42 -> БГ-С-2,6/2,6 | N42: =$L$1&"-"&N$2&"-"&$A42&"/"&$A42 -> БГ-П-2,6/2,6 | O42: =$O$1&"-"&$A42 -> БОВГ-2,6 | P42: =$O$1&"-"&P$2&"-"&$A42&"/"&$A42 -> БОВГ-С-2,6/2,6 | Q42: =$O$1&"-"&Q$2&"-"&$A42&"/"&$A42 -> БОВГ-П-2,6/2,6
A43: 2.7 | C43: =$C$1&"-"&$A43&"-"&C$2 -> БВ-2,7-xx | D43: =$C$1&"-"&$A43&"-"&D$2 -> БВ-2,7-РП | E43: =$C$1&"-"&$A43&"-"&E$2 -> БВ-2,7-Рх | F43: =$C$1&"-"&$A43&"-"&F$2 -> БВ-2,7-хП | G43: =$G$1&"-"&$A43&"-"&G$2 -> БОВ-2,7-С | H43: =$G$1&"-"&$A43&"-"&H$2 -> БОВ-2,7-Т | I43: =$G$1&"-"&$A43&"-"&I$2 -> БОВ-2,7-Т-2(50%) | J43: =$G$1&"-"&$A43&"-"&J$2 -> БОВ-2,7-Т-2(75%) | K43: =$G$1&"-"&$A43&"-"&K$2 -> БОВ-2,7-Т-2(100%) | L43: =$L$1&"-"&$A43 -> БГ-2,7 | M43: =$L$1&"-"&M$2&"-"&$A43&"/"&$A43 -> БГ-С-2,7/2,7 | N43: =$L$1&"-"&N$2&"-"&$A43&"/"&$A43 -> БГ-П-2,7/2,7 | O43: =$O$1&"-"&$A43 -> БОВГ-2,7 | P43: =$O$1&"-"&P$2&"-"&$A43&"/"&$A43 -> БОВГ-С-2,7/2,7 | Q43: =$O$1&"-"&Q$2&"-"&$A43&"/"&$A43 -> БОВГ-П-2,7/2,7
A44: 2.8 | C44: =$C$1&"-"&$A44&"-"&C$2 -> БВ-2,8-xx | D44: =$C$1&"-"&$A44&"-"&D$2 -> БВ-2,8-РП | E44: =$C$1&"-"&$A44&"-"&E$2 -> БВ-2,8-Рх | F44: =$C$1&"-"&$A44&"-"&F$2 -> БВ-2,8-хП | G44: =$G$1&"-"&$A44&"-"&G$2 -> БОВ-2,8-С | H44: =$G$1&"-"&$A44&"-"&H$2 -> БОВ-2,8-Т | I44: =$G$1&"-"&$A44&"-"&I$2 -> БОВ-2,8-Т-2(50%) | J44: =$G$1&"-"&$A44&"-"&J$2 -> БОВ-2,8-Т-2(75%) | K44: =$G$1&"-"&$A44&"-"&K$2 -> БОВ-2,8-Т-2(100%) | L44: =$L$1&"-"&$A44 -> БГ-2,8 | M44: =$L$1&"-"&M$2&"-"&$A44&"/"&$A44 -> БГ-С-2,8/2,8 | N44: =$L$1&"-"&N$2&"-"&$A44&"/"&$A44 -> БГ-П-2,8/2,8 | O44: =$O$1&"-"&$A44 -> БОВГ-2,8 | P44: =$O$1&"-"&P$2&"-"&$A44&"/"&$A44 -> БОВГ-С-2,8/2,8 | Q44: =$O$1&"-"&Q$2&"-"&$A44&"/"&$A44 -> БОВГ-П-2,8/2,8
A45: 2.9 | C45: =$C$1&"-"&$A45&"-"&C$2 -> БВ-2,9-xx | D45: =$C$1&"-"&$A45&"-"&D$2 -> БВ-2,9-РП | E45: =$C$1&"-"&$A45&"-"&E$2 -> БВ-2,9-Рх | F45: =$C$1&"-"&$A45&"-"&F$2 -> БВ-2,9-хП | G45: =$G$1&"-"&$A45&"-"&G$2 -> БОВ-2,9-С | H45: =$G$1&"-"&$A45&"-"&H$2 -> БОВ-2,9-Т | I45: =$G$1&"-"&$A45&"-"&I$2 -> БОВ-2,9-Т-2(50%) | J45: =$G$1&"-"&$A45&"-"&J$2 -> БОВ-2,9-Т-2(75%) | K45: =$G$1&"-"&$A45&"-"&K$2 -> БОВ-2,9-Т-2(100%) | L45: =$L$1&"-"&$A45 -> БГ-2,9 | M45: =$L$1&"-"&M$2&"-"&$A45&"/"&$A45 -> БГ-С-2,9/2,9 | N45: =$L$1&"-"&N$2&"-"&$A45&"/"&$A45 -> БГ-П-2,9/2,9 | O45: =$O$1&"-"&$A45 -> БОВГ-2,9 | P45: =$O$1&"-"&P$2&"-"&$A45&"/"&$A45 -> БОВГ-С-2,9/2,9 | Q45: =$O$1&"-"&Q$2&"-"&$A45&"/"&$A45 -> БОВГ-П-2,9/2,9
A46: 3,0 | C46: =$C$1&"-"&$A46&"-"&C$2 -> БВ-3,0-xx | D46: =$C$1&"-"&$A46&"-"&D$2 -> БВ-3,0-РП | E46: =$C$1&"-"&$A46&"-"&E$2 -> БВ-3,0-Рх | F46: =$C$1&"-"&$A46&"-"&F$2 -> БВ-3,0-хП | G46: =$G$1&"-"&$A46&"-"&G$2 -> БОВ-3,0-С | H46: =$G$1&"-"&$A46&"-"&H$2 -> БОВ-3,0-Т | I46: =$G$1&"-"&$A46&"-"&I$2 -> БОВ-3,0-Т-2(50%) | J46: =$G$1&"-"&$A46&"-"&J$2 -> БОВ-3,0-Т-2(75%) | K46: =$G$1&"-"&$A46&"-"&K$2 -> БОВ-3,0-Т-2(100%) | L46: =$L$1&"-"&$A46 -> БГ-3,0 | M46: =$L$1&"-"&M$2&"-"&$A46&"/"&$A46 -> БГ-С-3,0/3,0 | N46: =$L$1&"-"&N$2&"-"&$A46&"/"&$A46 -> БГ-П-3,0/3,0 | O46: =$O$1&"-"&$A46 -> БОВГ-3,0 | P46: =$O$1&"-"&P$2&"-"&$A46&"/"&$A46 -> БОВГ-С-3,0/3,0 | Q46: =$O$1&"-"&Q$2&"-"&$A46&"/"&$A46 -> БОВГ-П-3,0/3,0
A47: 3.1 | C47: =$C$1&"-"&$A47&"-"&C$2 -> БВ-3,1-xx | D47: =$C$1&"-"&$A47&"-"&D$2 -> БВ-3,1-РП | E47: =$C$1&"-"&$A47&"-"&E$2 -> БВ-3,1-Рх | F47: =$C$1&"-"&$A47&"-"&F$2 -> БВ-3,1-хП | G47: =$G$1&"-"&$A47&"-"&G$2 -> БОВ-3,1-С | H47: =$G$1&"-"&$A47&"-"&H$2 -> БОВ-3,1-Т | I47: =$G$1&"-"&$A47&"-"&I$2 -> БОВ-3,1-Т-2(50%) | J47: =$G$1&"-"&$A47&"-"&J$2 -> БОВ-3,1-Т-2(75%) | K47: =$G$1&"-"&$A47&"-"&K$2 -> БОВ-3,1-Т-2(100%) | L47: =$L$1&"-"&$A47 -> БГ-3,1 | M47: =$L$1&"-"&M$2&"-"&$A47&"/"&$A47 -> БГ-С-3,1/3,1 | N47: =$L$1&"-"&N$2&"-"&$A47&"/"&$A47 -> БГ-П-3,1/3,1 | O47: =$O$1&"-"&$A47 -> БОВГ-3,1 | P47: =$O$1&"-"&P$2&"-"&$A47&"/"&$A47 -> БОВГ-С-3,1/3,1 | Q47: =$O$1&"-"&Q$2&"-"&$A47&"/"&$A47 -> БОВГ-П-3,1/3,1
A48: 3.2 | C48: =$C$1&"-"&$A48&"-"&C$2 -> БВ-3,2-xx | D48: =$C$1&"-"&$A48&"-"&D$2 -> БВ-3,2-РП | E48: =$C$1&"-"&$A48&"-"&E$2 -> БВ-3,2-Рх | F48: =$C$1&"-"&$A48&"-"&F$2 -> БВ-3,2-хП | G48: =$G$1&"-"&$A48&"-"&G$2 -> БОВ-3,2-С | H48: =$G$1&"-"&$A48&"-"&H$2 -> БОВ-3,2-Т | I48: =$G$1&"-"&$A48&"-"&I$2 -> БОВ-3,2-Т-2(50%) | J48: =$G$1&"-"&$A48&"-"&J$2 -> БОВ-3,2-Т-2(75%) | K48: =$G$1&"-"&$A48&"-"&K$2 -> БОВ-3,2-Т-2(100%) | L48: =$L$1&"-"&$A48 -> БГ-3,2 | M48: =$L$1&"-"&M$2&"-"&$A48&"/"&$A48 -> БГ-С-3,2/3,2 | N48: =$L$1&"-"&N$2&"-"&$A48&"/"&$A48 -> БГ-П-3,2/3,2 | O48: =$O$1&"-"&$A48 -> БОВГ-3,2 | P48: =$O$1&"-"&P$2&"-"&$A48&"/"&$A48 -> БОВГ-С-3,2/3,2 | Q48: =$O$1&"-"&Q$2&"-"&$A48&"/"&$A48 -> БОВГ-П-3,2/3,2
A49: 3.3 | C49: =$C$1&"-"&$A49&"-"&C$2 -> БВ-3,3-xx | D49: =$C$1&"-"&$A49&"-"&D$2 -> БВ-3,3-РП | E49: =$C$1&"-"&$A49&"-"&E$2 -> БВ-3,3-Рх | F49: =$C$1&"-"&$A49&"-"&F$2 -> БВ-3,3-хП | G49: =$G$1&"-"&$A49&"-"&G$2 -> БОВ-3,3-С | H49: =$G$1&"-"&$A49&"-"&H$2 -> БОВ-3,3-Т | I49: =$G$1&"-"&$A49&"-"&I$2 -> БОВ-3,3-Т-2(50%) | J49: =$G$1&"-"&$A49&"-"&J$2 -> БОВ-3,3-Т-2(75%) | K49: =$G$1&"-"&$A49&"-"&K$2 -> БОВ-3,3-Т-2(100%) | L49: =$L$1&"-"&$A49 -> БГ-3,3 | M49: =$L$1&"-"&M$2&"-"&$A49&"/"&$A49 -> БГ-С-3,3/3,3 | N49: =$L$1&"-"&N$2&"-"&$A49&"/"&$A49 -> БГ-П-3,3/3,3 | O49: =$O$1&"-"&$A49 -> БОВГ-3,3 | P49: =$O$1&"-"&P$2&"-"&$A49&"/"&$A49 -> БОВГ-С-3,3/3,3 | Q49: =$O$1&"-"&Q$2&"-"&$A49&"/"&$A49 -> БОВГ-П-3,3/3,3
A50: 3.4 | C50: =$C$1&"-"&$A50&"-"&C$2 -> БВ-3,4-xx | D50: =$C$1&"-"&$A50&"-"&D$2 -> БВ-3,4-РП | E50: =$C$1&"-"&$A50&"-"&E$2 -> БВ-3,4-Рх | F50: =$C$1&"-"&$A50&"-"&F$2 -> БВ-3,4-хП | G50: =$G$1&"-"&$A50&"-"&G$2 -> БОВ-3,4-С | H50: =$G$1&"-"&$A50&"-"&H$2 -> БОВ-3,4-Т | I50: =$G$1&"-"&$A50&"-"&I$2 -> БОВ-3,4-Т-2(50%) | J50: =$G$1&"-"&$A50&"-"&J$2 -> БОВ-3,4-Т-2(75%) | K50: =$G$1&"-"&$A50&"-"&K$2 -> БОВ-3,4-Т-2(100%) | L50: =$L$1&"-"&$A50 -> БГ-3,4 | M50: =$L$1&"-"&M$2&"-"&$A50&"/"&$A50 -> БГ-С-3,4/3,4 | N50: =$L$1&"-"&N$2&"-"&$A50&"/"&$A50 -> БГ-П-3,4/3,4 | O50: =$O$1&"-"&$A50 -> БОВГ-3,4 | P50: =$O$1&"-"&P$2&"-"&$A50&"/"&$A50 -> БОВГ-С-3,4/3,4 | Q50: =$O$1&"-"&Q$2&"-"&$A50&"/"&$A50 -> БОВГ-П-3,4/3,4
A51: 3.5 | C51: =$C$1&"-"&$A51&"-"&C$2 -> БВ-3,5-xx | D51: =$C$1&"-"&$A51&"-"&D$2 -> БВ-3,5-РП | E51: =$C$1&"-"&$A51&"-"&E$2 -> БВ-3,5-Рх | F51: =$C$1&"-"&$A51&"-"&F$2 -> БВ-3,5-хП | G51: =$G$1&"-"&$A51&"-"&G$2 -> БОВ-3,5-С | H51: =$G$1&"-"&$A51&"-"&H$2 -> БОВ-3,5-Т | I51: =$G$1&"-"&$A51&"-"&I$2 -> БОВ-3,5-Т-2(50%) | J51: =$G$1&"-"&$A51&"-"&J$2 -> БОВ-3,5-Т-2(75%) | K51: =$G$1&"-"&$A51&"-"&K$2 -> БОВ-3,5-Т-2(100%) | L51: =$L$1&"-"&$A51 -> БГ-3,5 | M51: =$L$1&"-"&M$2&"-"&$A51&"/"&$A51 -> БГ-С-3,5/3,5 | N51: =$L$1&"-"&N$2&"-"&$A51&"/"&$A51 -> БГ-П-3,5/3,5 | O51: =$O$1&"-"&$A51 -> БОВГ-3,5 | P51: =$O$1&"-"&P$2&"-"&$A51&"/"&$A51 -> БОВГ-С-3,5/3,5 | Q51: =$O$1&"-"&Q$2&"-"&$A51&"/"&$A51 -> БОВГ-П-3,5/3,5
A52: 3.6 | C52: =$C$1&"-"&$A52&"-"&C$2 -> БВ-3,6-xx | D52: =$C$1&"-"&$A52&"-"&D$2 -> БВ-3,6-РП | E52: =$C$1&"-"&$A52&"-"&E$2 -> БВ-3,6-Рх | F52: =$C$1&"-"&$A52&"-"&F$2 -> БВ-3,6-хП | G52: =$G$1&"-"&$A52&"-"&G$2 -> БОВ-3,6-С | H52: =$G$1&"-"&$A52&"-"&H$2 -> БОВ-3,6-Т | I52: =$G$1&"-"&$A52&"-"&I$2 -> БОВ-3,6-Т-2(50%) | J52: =$G$1&"-"&$A52&"-"&J$2 -> БОВ-3,6-Т-2(75%) | K52: =$G$1&"-"&$A52&"-"&K$2 -> БОВ-3,6-Т-2(100%) | L52: =$L$1&"-"&$A52 -> БГ-3,6 | M52: =$L$1&"-"&M$2&"-"&$A52&"/"&$A52 -> БГ-С-3,6/3,6 | N52: =$L$1&"-"&N$2&"-"&$A52&"/"&$A52 -> БГ-П-3,6/3,6 | O52: =$O$1&"-"&$A52 -> БОВГ-3,6 | P52: =$O$1&"-"&P$2&"-"&$A52&"/"&$A52 -> БОВГ-С-3,6/3,6 | Q52: =$O$1&"-"&Q$2&"-"&$A52&"/"&$A52 -> БОВГ-П-3,6/3,6
A53: 3.7 | C53: =$C$1&"-"&$A53&"-"&C$2 -> БВ-3,7-xx | D53: =$C$1&"-"&$A53&"-"&D$2 -> БВ-3,7-РП | E53: =$C$1&"-"&$A53&"-"&E$2 -> БВ-3,7-Рх | F53: =$C$1&"-"&$A53&"-"&F$2 -> БВ-3,7-хП | G53: =$G$1&"-"&$A53&"-"&G$2 -> БОВ-3,7-С | H53: =$G$1&"-"&$A53&"-"&H$2 -> БОВ-3,7-Т | I53: =$G$1&"-"&$A53&"-"&I$2 -> БОВ-3,7-Т-2(50%) | J53: =$G$1&"-"&$A53&"-"&J$2 -> БОВ-3,7-Т-2(75%) | K53: =$G$1&"-"&$A53&"-"&K$2 -> БОВ-3,7-Т-2(100%) | L53: =$L$1&"-"&$A53 -> БГ-3,7 | M53: =$L$1&"-"&M$2&"-"&$A53&"/"&$A53 -> БГ-С-3,7/3,7 | N53: =$L$1&"-"&N$2&"-"&$A53&"/"&$A53 -> БГ-П-3,7/3,7 | O53: =$O$1&"-"&$A53 -> БОВГ-3,7 | P53: =$O$1&"-"&P$2&"-"&$A53&"/"&$A53 -> БОВГ-С-3,7/3,7 | Q53: =$O$1&"-"&Q$2&"-"&$A53&"/"&$A53 -> БОВГ-П-3,7/3,7
A54: 3.8 | C54: =$C$1&"-"&$A54&"-"&C$2 -> БВ-3,8-xx | D54: =$C$1&"-"&$A54&"-"&D$2 -> БВ-3,8-РП | E54: =$C$1&"-"&$A54&"-"&E$2 -> БВ-3,8-Рх | F54: =$C$1&"-"&$A54&"-"&F$2 -> БВ-3,8-хП | G54: =$G$1&"-"&$A54&"-"&G$2 -> БОВ-3,8-С | H54: =$G$1&"-"&$A54&"-"&H$2 -> БОВ-3,8-Т | I54: =$G$1&"-"&$A54&"-"&I$2 -> БОВ-3,8-Т-2(50%) | J54: =$G$1&"-"&$A54&"-"&J$2 -> БОВ-3,8-Т-2(75%) | K54: =$G$1&"-"&$A54&"-"&K$2 -> БОВ-3,8-Т-2(100%) | L54: =$L$1&"-"&$A54 -> БГ-3,8 | M54: =$L$1&"-"&M$2&"-"&$A54&"/"&$A54 -> БГ-С-3,8/3,8 | N54: =$L$1&"-"&N$2&"-"&$A54&"/"&$A54 -> БГ-П-3,8/3,8 | O54: =$O$1&"-"&$A54 -> БОВГ-3,8 | P54: =$O$1&"-"&P$2&"-"&$A54&"/"&$A54 -> БОВГ-С-3,8/3,8 | Q54: =$O$1&"-"&Q$2&"-"&$A54&"/"&$A54 -> БОВГ-П-3,8/3,8
A55: 3.9 | C55: =$C$1&"-"&$A55&"-"&C$2 -> БВ-3,9-xx | D55: =$C$1&"-"&$A55&"-"&D$2 -> БВ-3,9-РП | E55: =$C$1&"-"&$A55&"-"&E$2 -> БВ-3,9-Рх | F55: =$C$1&"-"&$A55&"-"&F$2 -> БВ-3,9-хП | G55: =$G$1&"-"&$A55&"-"&G$2 -> БОВ-3,9-С | H55: =$G$1&"-"&$A55&"-"&H$2 -> БОВ-3,9-Т | I55: =$G$1&"-"&$A55&"-"&I$2 -> БОВ-3,9-Т-2(50%) | J55: =$G$1&"-"&$A55&"-"&J$2 -> БОВ-3,9-Т-2(75%) | K55: =$G$1&"-"&$A55&"-"&K$2 -> БОВ-3,9-Т-2(100%) | L55: =$L$1&"-"&$A55 -> БГ-3,9 | M55: =$L$1&"-"&M$2&"-"&$A55&"/"&$A55 -> БГ-С-3,9/3,9 | N55: =$L$1&"-"&N$2&"-"&$A55&"/"&$A55 -> БГ-П-3,9/3,9 | O55: =$O$1&"-"&$A55 -> БОВГ-3,9 | P55: =$O$1&"-"&P$2&"-"&$A55&"/"&$A55 -> БОВГ-С-3,9/3,9 | Q55: =$O$1&"-"&Q$2&"-"&$A55&"/"&$A55 -> БОВГ-П-3,9/3,9
A56: 4,0 | C56: =$C$1&"-"&$A56&"-"&C$2 -> БВ-4,0-xx | D56: =$C$1&"-"&$A56&"-"&D$2 -> БВ-4,0-РП | E56: =$C$1&"-"&$A56&"-"&E$2 -> БВ-4,0-Рх | F56: =$C$1&"-"&$A56&"-"&F$2 -> БВ-4,0-хП | G56: =$G$1&"-"&$A56&"-"&G$2 -> БОВ-4,0-С | H56: =$G$1&"-"&$A56&"-"&H$2 -> БОВ-4,0-Т | I56: =$G$1&"-"&$A56&"-"&I$2 -> БОВ-4,0-Т-2(50%) | J56: =$G$1&"-"&$A56&"-"&J$2 -> БОВ-4,0-Т-2(75%) | K56: =$G$1&"-"&$A56&"-"&K$2 -> БОВ-4,0-Т-2(100%) | L56: =$L$1&"-"&$A56 -> БГ-4,0 | M56: =$L$1&"-"&M$2&"-"&$A56&"/"&$A56 -> БГ-С-4,0/4,0 | N56: =$L$1&"-"&N$2&"-"&$A56&"/"&$A56 -> БГ-П-4,0/4,0 | O56: =$O$1&"-"&$A56 -> БОВГ-4,0 | P56: =$O$1&"-"&P$2&"-"&$A56&"/"&$A56 -> БОВГ-С-4,0/4,0 | Q56: =$O$1&"-"&Q$2&"-"&$A56&"/"&$A56 -> БОВГ-П-4,0/4,0

Sheet Лист2
C1: 0.05 | D1: 0.06 | E1: 0.07 | F1: 0.08 | G1: 0.09 | H1: 0.1 | I1: 0.15 | J1: 0.2 | K1: 0.25 | L1: 0.3 | M1: 0.35 | N1: 0.4 | O1: 0.45 | P1: 0.5 | Q1: 0.55 | R1: 0.6 | S1: 0.65 | T1: 0.7 | U1: 0.75 | V1: 0.8 | W1: 0.85 | X1: 0.9 | Y1: 0.95 | Z1: 1 | AA1: 1.1 | AB1: 1.2 | AC1: 1.3 | AD1: 1.4 | AE1: 1.5 | AF1: 1.6 | AG1: 1.7 | AH1: 1.8 | AI1: 1.9 | AJ1: 2
B2: 0.05 | C2: =$B2/C$1 -> 1 | D2: =$B2/D$1 -> 0.83333333 | E2: =$B2/E$1 -> 0.71428571 | F2: =$B2/F$1 -> 0.625 | G2: =$B2/G$1 -> 0.55555556 | H2: =$B2/H$1 -> 0.5 | I2: =$B2/I$1 -> 0.33333333 | J2: =$B2/J$1 -> 0.25 | K2: =$B2/K$1 -> 0.2
B3: 0.06 | D3: =$B3/D$1 -> 1 | E3: =$B3/E$1 -> 0.85714286 | F3: =$B3/F$1 -> 0.75 | G3: =$B3/G$1 -> 0.66666667 | H3: =$B3/H$1 -> 0.6 | I3: =$B3/I$1 -> 0.4 | J3: =$B3/J$1 -> 0.3 | K3: =$B3/K$1 -> 0.24 | L3: =$B3/L$1 -> 0.2
B4: 0.07 | E4: =$B4/E$1 -> 1 | F4: =$B4/F$1 -> 0.875 | G4: =$B4/G$1 -> 0.77777778 | H4: =$B4/H$1 -> 0.7 | I4: =$B4/I$1 -> 0.46666667 | J4: =$B4/J$1 -> 0.35 | K4: =$B4/K$1 -> 0.28 | L4: =$B4/L$1 -> 0.23333333 | M4: =$B4/M$1 -> 0.2
B5: 0.08 | F5: =$B5/F$1 -> 1 | G5: =$B5/G$1 -> 0.88888889 | H5: =$B5/H$1 -> 0.8 | I5: =$B5/I$1 -> 0.53333333 | J5: =$B5/J$1 -> 0.4 | K5: =$B5/K$1 -> 0.32 | L5: =$B5/L$1 -> 0.26666667 | M5: =$B5/M$1 -> 0.22857143 | N5: =$B5/N$1 -> 0.2
B6: 0.09 | G6: =$B6/G$1 -> 1 | H6: =$B6/H$1 -> 0.9 | I6: =$B6/I$1 -> 0.6 | J6: =$B6/J$1 -> 0.45 | K6: =$B6/K$1 -> 0.36 | L6: =$B6/L$1 -> 0.3 | M6: =$B6/M$1 -> 0.25714286 | N6: =$B6/N$1 -> 0.225 | O6: =$B6/O$1 -> 0.2
B7: 0.1 | H7: =$B7/H$1 -> 1 | I7: =$B7/I$1 -> 0.66666667 | J7: =$B7/J$1 -> 0.5 | K7: =$B7/K$1 -> 0.4 | L7: =$B7/L$1 -> 0.33333333 | M7: =$B7/M$1 -> 0.28571429 | N7: =$B7/N$1 -> 0.25 | O7: =$B7/O$1 -> 0.22222222 | P7: =$B7/P$1 -> 0.2
B8: 0.15 | I8: =$B8/I$1 -> 1 | J8: =$B8/J$1 -> 0.75 | K8: =$B8/K$1 -> 0.6 | L8: =$B8/L$1 -> 0.5 | M8: =$B8/M$1 -> 0.42857143 | N8: =$B8/N$1 -> 0.375 | O8: =$B8/O$1 -> 0.33333333 | P8: =$B8/P$1 -> 0.3 | ... U8: =$B8/U$1 -> 0.2
B9: 0.2 | J9: =$B9/J$1 -> 1 | K9: =$B9/K$1 -> 0.8 | L9: =$B9/L$1 -> 0.66666667 | M9: =$B9/M$1 -> 0.57142857 | N9: =$B9/N$1 -> 0.5 | O9: =$B9/O$1 -> 0.44444444 | P9: =$B9/P$1 -> 0.4 | Q9: =$B9/Q$1 -> 0.36363636 | ... Z9: =$B9/Z$1 -> 0.2
B10: 0.25 | K10: =$B10/K$1 -> 1 | L10: =$B10/L$1 -> 0.83333333 | M10: =$B10/M$1 -> 0.71428571 | N10: =$B10/N$1 -> 0.625 | O10: =$B10/O$1 -> 0.55555556 | P10: =$B10/P$1 -> 0.5 | Q10: =$B10/Q$1 -> 0.45454545 | R10: =$B10/R$1 -> 0.41666667 | ... AB10: =$B10/AB$1 -> 0.20833333
B11: 0.3 | L11: =$B11/L$1 -> 1 | M11: =$B11/M$1 -> 0.85714286 | N11: =$B11/N$1 -> 0.75 | O11: =$B11/O$1 -> 0.66666667 | P11: =$B11/P$1 -> 0.6 | Q11: =$B11/Q$1 -> 0.54545455 | R11: =$B11/R$1 -> 0.5 | S11: =$B11/S$1 -> 0.46153846 | ... AE11: =$B11/AE$1 -> 0.2
B12: 0.35 | M12: =$B12/M$1 -> 1 | N12: =$B12/N$1 -> 0.875 | O12: =$B12/O$1 -> 0.77777778 | P12: =$B12/P$1 -> 0.7 | Q12: =$B12/Q$1 -> 0.63636364 | R12: =$B12/R$1 -> 0.58333333 | S12: =$B12/S$1 -> 0.53846154 | T12: =$B12/T$1 -> 0.5 | ... AG12: =$B12/AG$1 -> 0.20588235
B13: 0.4 | N13: =$B13/N$1 -> 1 | O13: =$B13/O$1 -> 0.88888889 | P13: =$B13/P$1 -> 0.8 | Q13: =$B13/Q$1 -> 0.72727273 | R13: =$B13/R$1 -> 0.66666667 | S13: =$B13/S$1 -> 0.61538462 | T13: =$B13/T$1 -> 0.57142857 | U13: =$B13/U$1 -> 0.53333333 | ... AJ13: =$B13/AJ$1 -> 0.2
B14: 0.45 | O14: =$B14/O$1 -> 1 | P14: =$B14/P$1 -> 0.9 | Q14: =$B14/Q$1 -> 0.81818182 | R14: =$B14/R$1 -> 0.75 | S14: =$B14/S$1 -> 0.69230769 | T14: =$B14/T$1 -> 0.64285714 | U14: =$B14/U$1 -> 0.6 | V14: =$B14/V$1 -> 0.5625 | ... AJ14: =$B14/AJ$1 -> 0.225
B15: 0.5 | P15: =$B15/P$1 -> 1 | Q15: =$B15/Q$1 -> 0.90909091 | R15: =$B15/R$1 -> 0.83333333 | S15: =$B15/S$1 -> 0.76923077 | T15: =$B15/T$1 -> 0.71428571 | U15: =$B15/U$1 -> 0.66666667 | V15: =$B15/V$1 -> 0.625 | W15: =$B15/W$1 -> 0.58823529 | ... AJ15: =$B15/AJ$1 -> 0.25
B16: 0.55 | Q16: =$B16/Q$1 -> 1 | R16: =$B16/R$1 -> 0.91666667 | S16: =$B16/S$1 -> 0.84615385 | T16: =$B16/T$1 -> 0.78571429 | U16: =$B16/U$1 -> 0.73333333 | V16: =$B16/V$1 -> 0.6875 | W16: =$B16/W$1 -> 0.64705882 | X16: =$B16/X$1 -> 0.61111111 | ... AJ16: =$B16/AJ$1 -> 0.275
B17: 0.6 | R17: =$B17/R$1 -> 1 | S17: =$B17/S$1 -> 0.92307692 | T17: =$B17/T$1 -> 0.85714286 | U17: =$B17/U$1 -> 0.8 | V17: =$B17/V$1 -> 0.75 | W17: =$B17/W$1 -> 0.70588235 | X17: =$B17/X$1 -> 0.66666667 | Y17: =$B17/Y$1 -> 0.63157895 | ... AJ17: =$B17/AJ$1 -> 0.3
B18: 0.65 | S18: =$B18/S$1 -> 1 | T18: =$B18/T$1 -> 0.92857143 | U18: =$B18/U$1 -> 0.86666667 | V18: =$B18/V$1 -> 0.8125 | W18: =$B18/W$1 -> 0.76470588 | X18: =$B18/X$1 -> 0.72222222 | Y18: =$B18/Y$1 -> 0.68421053 | Z18: =$B18/Z$1 -> 0.65 | ... AJ18: =$B18/AJ$1 -> 0.325
B19: 0.7 | T19: =$B19/T$1 -> 1 | U19: =$B19/U$1 -> 0.93333333 | V19: =$B19/V$1 -> 0.875 | W19: =$B19/W$1 -> 0.82352941 | X19: =$B19/X$1 -> 0.77777778 | Y19: =$B19/Y$1 -> 0.73684211 | Z19: =$B19/Z$1 -> 0.7 | AA19: =$B19/AA$1 -> 0.63636364 | ... AJ19: =$B19/AJ$1 -> 0.35
B20: 0.75 | U20: =$B20/U$1 -> 1 | V20: =$B20/V$1 -> 0.9375 | W20: =$B20/W$1 -> 0.88235294 | X20: =$B20/X$1 -> 0.83333333 | Y20: =$B20/Y$1 -> 0.78947368 | Z20: =$B20/Z$1 -> 0.75 | AA20: =$B20/AA$1 -> 0.68181818 | AB20: =$B20/AB$1 -> 0.625 | ... AJ20: =$B20/AJ$1 -> 0.375
B21: 0.8 | V21: =$B21/V$1 -> 1 | W21: =$B21/W$1 -> 0.94117647 | X21: =$B21/X$1 -> 0.88888889 | Y21: =$B21/Y$1 -> 0.84210526 | Z21: =$B21/Z$1 -> 0.8 | AA21: =$B21/AA$1 -> 0.72727273 | AB21: =$B21/AB$1 -> 0.66666667 | AC21: =$B21/AC$1 -> 0.61538462 | ... AJ21: =$B21/AJ$1 -> 0.4
B22: 0.85 | W22: =$B22/W$1 -> 1 | X22: =$B22/X$1 -> 0.94444444 | Y22: =$B22/Y$1 -> 0.89473684 | Z22: =$B22/Z$1 -> 0.85 | AA22: =$B22/AA$1 -> 0.77272727 | AB22: =$B22/AB$1 -> 0.70833333 | AC22: =$B22/AC$1 -> 0.65384615 | AD22: =$B22/AD$1 -> 0.60714286 | ... AJ22: =$B22/AJ$1 -> 0.425
B23: 0.9 | X23: =$B23/X$1 -> 1 | Y23: =$B23/Y$1 -> 0.94736842 | Z23: =$B23/Z$1 -> 0.9 | AA23: =$B23/AA$1 -> 0.81818182 | AB23: =$B23/AB$1 -> 0.75 | AC23: =$B23/AC$1 -> 0.69230769 | AD23: =$B23/AD$1 -> 0.64285714 | AE23: =$B23/AE$1 -> 0.6 | ... AJ23: =$B23/AJ$1 -> 0.45
B24: 0.95 | Y24: =$B24/Y$1 -> 1 | Z24: =$B24/Z$1 -> 0.95 | AA24: =$B24/AA$1 -> 0.86363636 | AB24: =$B24/AB$1 -> 0.79166667 | AC24: =$B24/AC$1 -> 0.73076923 | AD24: =$B24/AD$1 -> 0.67857143 | AE24: =$B24/AE$1 -> 0.63333333 | AF24: =$B24/AF$1 -> 0.59375 | ... AJ24: =$B24/AJ$1 -> 0.475
B25: 1 | Z25: =$B25/Z$1 -> 1 | AA25: =$B25/AA$1 -> 0.90909091 | AB25: =$B25/AB$1 -> 0.83333333 | AC25: =$B25/AC$1 -> 0.76923077 | AD25: =$B25/AD$1 -> 0.71428571 | AE25: =$B25/AE$1 -> 0.66666667 | AF25: =$B25/AF$1 -> 0.625 | AG25: =$B25/AG$1 -> 0.58823529 | ... AJ25: =$B25/AJ$1 -> 0.5
B26: 1.1 | AA26: =$B26/AA$1 -> 1 | AB26: =$B26/AB$1 -> 0.91666667 | AC26: =$B26/AC$1 -> 0.84615385 | AD26: =$B26/AD$1 -> 0.78571429 | AE26: =$B26/AE$1 -> 0.73333333 | AF26: =$B26/AF$1 -> 0.6875 | AG26: =$B26/AG$1 -> 0.64705882 | AH26: =$B26/AH$1 -> 0.61111111 | ... AJ26: =$B26/AJ$1 -> 0.55
B27: 1.2 | AB27: =$B27/AB$1 -> 1 | AC27: =$B27/AC$1 -> 0.92307692 | AD27: =$B27/AD$1 -> 0.85714286 | AE27: =$B27/AE$1 -> 0.8 | AF27: =$B27/AF$1 -> 0.75 | AG27: =$B27/AG$1 -> 0.70588235 | AH27: =$B27/AH$1 -> 0.66666667 | AI27: =$B27/AI$1 -> 0.63157895 | AJ27: =$B27/AJ$1 -> 0.6
B28: 1.3 | AC28: =$B28/AC$1 -> 1 | AD28: =$B28/AD$1 -> 0.92857143 | AE28: =$B28/AE$1 -> 0.86666667 | AF28: =$B28/AF$1 -> 0.8125 | AG28: =$B28/AG$1 -> 0.76470588 | AH28: =$B28/AH$1 -> 0.72222222 | AI28: =$B28/AI$1 -> 0.68421053 | AJ28: =$B28/AJ$1 -> 0.65
B29: 1.4 | AD29: =$B29/AD$1 -> 1 | AE29: =$B29/AE$1 -> 0.93333333 | AF29: =$B29/AF$1 -> 0.875 | AG29: =$B29/AG$1 -> 0.82352941 | AH29: =$B29/AH$1 -> 0.77777778 | AI29: =$B29/AI$1 -> 0.73684211 | AJ29: =$B29/AJ$1 -> 0.7
B30: 1.5 | AE30: =$B30/AE$1 -> 1 | AF30: =$B30/AF$1 -> 0.9375 | AG30: =$B30/AG$1 -> 0.88235294 | AH30: =$B30/AH$1 -> 0.83333333 | AI30: =$B30/AI$1 -> 0.78947368 | AJ30: =$B30/AJ$1 -> 0.75
B31: 1.6 | AF31: =$B31/AF$1 -> 1 | AG31: =$B31/AG$1 -> 0.94117647 | AH31: =$B31/AH$1 -> 0.88888889 | AI31: =$B31/AI$1 -> 0.84210526 | AJ31: =$B31/AJ$1 -> 0.8
B32: 1.7 | AG32: =$B32/AG$1 -> 1 | AH32: =$B32/AH$1 -> 0.94444444 | AI32: =$B32/AI$1 -> 0.89473684 | AJ32: =$B32/AJ$1 -> 0.85
B33: 1.8 | AH33: =$B33/AH$1 -> 1 | AI33: =$B33/AI$1 -> 0.94736842 | AJ33: =$B33/AJ$1 -> 0.9
B34: 1.9 | AI34: =$B34/AI$1 -> 1 | AJ34: =$B34/AJ$1 -> 0.95
B35: 2 | AJ35: =$B35/AJ$1 -> 1

Sheet БОВ (1)
B2: БОВ-1 | I2: Диаметр трубопровода | W2: Клапан | AJ2: Насос | AN2: TOP-SD | AO2: Yonos MAXO-D | AP2: Stratos-D | AS2: Теплообменник | BN2: Х1 | BR2: Х2 | BV2: Х3 | CA2: Х4 | CE2: Х5 | CI2: Х6 | CR2: Х7 | CW2: Х8 | DA2: Х9 | DE2: Х10 | DI2: Х11
J3: D1 | K3: l | L3: h | O3: D2 | P3: l | Q3: h | S3: Dп | T3: l | U3: h | W3: IMI Hydronic | X3: Siemens | Y3: Danfoss | Z3: IMI Hydronic | AC3: Siemens | AF3: Danfoss | AJ3: Gнас | AS3: 150-75 | AX3: 130-75 | BC3: 115-75 | BH3: 105-75 | BN3: № | BO3: Схема | BR3: № | BS3: Ду | BV3: № | BW3: Ду | BX3: Kv | CA3: № | CB3: Производитель | CE3: № | CF3: Ду | CI3: № | CJ3: Тип насоса | CM3: Тип насоса | CP3: Тип насоса | CS3: № | CT3: Тип насоса | CX3: № | CY3: Тип ТО | DB3: № | DC3: Контролл. | DF3: № | DG3: Контролл. | DJ3: № | DK3: ША
A4: Q | B4: ='ОЛ(4)'!C14 -> 0.2 | C4: Гкал/ч | E4: G1 | F4: =B4*1000/(B5-B6) -> 3.6363636 | I4: =IF($B$12<12,(IF((L4>4)*AND(L4<16),2,0)),IF((L4>4)*AND(L4<20),2,0)) -> 0 | J4: 15 | K4: =1/POWER(1.14+2*LOG10((J4/1000)/($K$21/1000)),2) -> 0.059655827 | L4: =0.00638*K4*POWER($F$4,2)/(POWER(J4/1000,5)*$K$20) -> 6915.2051 | N4: =IF((Q4>4)*AND(Q4<20),1,0) -> 0 | O4: 15 | P4: =1/POWER(1.14+2*LOG10((O4/1000)/($K$21/1000)),2) -> 0.059655827 | Q4: =0.00638*P4*POWER($F$11,2)/(POWER(O4/1000,5)*$K$20) -> 33469.593 | R4: =IF((U4>4)*AND(U4<20),1,0) -> 0 | S4: 15 | T4: =1/POWER(1.14+2*LOG10((S4/1000)/($K$21/1000)),2) -> 0.059655827 | U4: =0.00638*T4*POWER($F$16,2)/(POWER(S4/1000,5)*$K$20) -> 79.542579 | W4: ΔPкл | X4: =IF(B12=0,0,IF(B12>12,3,1.8)) -> 3 | Z4: =IF(AB4>$X$5,TRUE,FALSE) -> FALSE | AA4: 15 | AB4: 1.6 | AC4: =IF(AE4>$X$5,TRUE,FALSE) -> FALSE | AD4: 15 | AE4: 1.6 | AF4: =IF(AH4>$X$5,TRUE,FALSE) -> FALSE | AG4: 15 | AH4: 1.6 | AJ4: 4 | AK4: =IF($F$13<AJ4,TRUE,FALSE) -> FALSE | AL4: TOP-SD 32/10 3~ | AM4: =IF($F$13<AJ4,TRUE,FALSE) -> FALSE | AN4: Yonos MAXO-D 32/0,5-11 | AO4: =IF($F$13<AJ4,TRUE,FALSE) -> FALSE | AP4: Stratos-D 32/1-12 | AS4: 0.1 | AT4: =IF($B$4<AS4,TRUE,FALSE) -> FALSE | AU4: НН08 | AV4: =IF($B$4<AS4,TRUE,FALSE) -> FALSE | AW4: 1 | AX4: 0.1 | AY4: =IF($B$4<AX4,TRUE,FALSE) -> FALSE | AZ4: НН08 | BA4: =IF($B$4<AX4,TRUE,FALSE) -> FALSE | BB4: 1 | BC4: 0.14 | BD4: =IF($B$4<BC4,TRUE,FALSE) -> FALSE | BE4: НН08 | BF4: =IF($B$4<BC4,TRUE,FALSE) -> FALSE | BG4: 1 | BH4: 0.05 | BI4: =IF($B$4<BH4,TRUE,FALSE) -> FALSE | BJ4: НН08 | BK4: =IF($B$4<BH4,TRUE,FALSE) -> FALSE | BL4: 1 | BN4: 1 | BO4: Зависимая | BQ4: =IF($F$5=BS4,TRUE,FALSE) -> FALSE | BR4: 01 | BS4: 15 | BU4: =IF($F$7=BX4,TRUE,FALSE) -> FALSE | BV4: 01 | BW4: 15 | BX4: 0.63 | BZ4: =IF($B$14=CB4,TRUE,FALSE) -> TRUE | CA4: 1 | CB4: IMI Hydronic | CD4: =IF($F$12=CF4,TRUE,FALSE) -> FALSE | CE4: 01 | CF4: 15 | CH4: =IF($E$14=CJ4,TRUE,FALSE) -> FALSE | CI4: 1 | CJ4: TOP-SD 32/10 3~ | CK4: =IF($E$14=CM4,TRUE,FALSE) -> FALSE | CL4: 1 | CM4: Yonos MAXO-D 32/0,5-11 | CN4: =IF($E$14=CP4,TRUE,FALSE) -> FALSE | CO4: 1 | CP4: Stratos-D 32/1-12 | CR4: =IF(OR(E14="DPL 80/115-2,2/2",E14="DPL 100/175-3/4"),TRUE,FALSE) -> FALSE | CS4: 5 | CW4: =IF($E$9=CY4,TRUE,FALSE) -> FALSE | CX4: 0 | CY4: отсутствует | DA4: =IF($F$9=DC4,TRUE,FALSE) -> FALSE | DB4: 0 | DC4: отсутствует | DE4: =IF($B$16=DG4,TRUE,FALSE) -> TRUE | DF4: 1 | DG4: Segnetics | DI4: =IF($B$17=DK4,TRUE,FALSE) -> TRUE | DJ4: 1 | DK4: отдельный
A5: Т1 | B5: ='ОЛ(4)'!N13 -> 130 | C5: °С | E5: D1 | F5: =VLOOKUP(2,I4:L17,2,FALSE) -> 50 | I5: =IF($B$12<12,(IF((L5>4)*AND(L5<16),2,0)),IF((L5>4)*AND(L5<20),2,0)) -> 0 | J5: 20 | K5: =1/POWER(1.14+2*LOG10((J5/1000)/($K$21/1000)),2) -> 0.0529903 | L5: =0.00638*K5*POWER($F$4,2)/(POWER(J5/1000,5)*$K$20) -> 1457.6555 | N5: =IF((Q5>4)*AND(Q5<20),1,0) -> 0 | O5: 20 | P5: =1/POWER(1.14+2*LOG10((O5/1000)/($K$21/1000)),2) -> 0.0529903 | Q5: =0.00638*P5*POWER($F$11,2)/(POWER(O5/1000,5)*$K$20) -> 7055.0524 | R5: =IF((U5>4)*AND(U5<20),1,0) -> 1 | S5: 20 | T5: =1/POWER(1.14+2*LOG10((S5/1000)/($K$21/1000)),2) -> 0.0529903 | U5: =0.00638*T5*POWER($F$16,2)/(POWER(S5/1000,5)*$K$20) -> 16.766773 | W5: Kvрасч | X5: =F4/SQRT(0.1*X4) -> 6.6390613 | Z5: =IF(AB5>$X$5,TRUE,FALSE) -> FALSE | AA5: 15 | AB5: 2.5 | AC5: =IF(AE5>$X$5,TRUE,FALSE) -> FALSE | AD5: 15 | AE5: 2.5 | AF5: =IF(AH5>$X$5,TRUE,FALSE) -> FALSE | AG5: 15 | AH5: 2.5 | AJ5: 6 | AK5: =IF($F$13<AJ5,TRUE,FALSE) -> FALSE | AL5: TOP-SD 40/10 3~ | AM5: =IF($F$13<AJ5,TRUE,FALSE) -> FALSE | AN5: Yonos MAXO-D 40/0,5-12 | AO5: =IF($F$13<AJ5,TRUE,FALSE) -> FALSE | AP5: Stratos-D 40/1-12 | AS5: 0.25 | AT5: =IF($B$4<AS5,TRUE,FALSE) -> TRUE | AU5: НН14 | AV5: =IF($B$4<AS5,TRUE,FALSE) -> TRUE | AW5: 1 | AX5: 0.25 | AY5: =IF($B$4<AX5,TRUE,FALSE) -> TRUE | AZ5: НН14 | BA5: =IF($B$4<AX5,TRUE,FALSE) -> TRUE | BB5: 1 | BC5: 0.45 | BD5: =IF($B$4<BC5,TRUE,FALSE) -> TRUE | BE5: НН19 | BF5: =IF($B$4<BC5,TRUE,FALSE) -> TRUE | BG5: 1 | BH5: 0.09 | BI5: =IF($B$4<BH5,TRUE,FALSE) -> FALSE | BJ5: НН20 | BK5: =IF($B$4<BH5,TRUE,FALSE) -> FALSE | BL5: 1 | BN5: 2 | BO5: Независимая | BQ5: =IF($F$5=BS5,TRUE,FALSE) -> FALSE | BR5: 02 | BS5: 20 | BU5: =IF($F$7=BX5,TRUE,FALSE) -> FALSE | BV5: 02 | BW5: 15 | BX5: 1.25 | BZ5: =IF($B$14=CB5,TRUE,FALSE) -> FALSE | CA5: 2 | CB5: Danfoss | CD5: =IF($F$12=CF5,TRUE,FALSE) -> FALSE | CE5: 02 | CF5: 20 | CH5: =IF($E$14=CJ5,TRUE,FALSE) -> FALSE | CI5: 2 | CJ5: TOP-SD 40/10 3~ | CK5: =IF($E$14=CM5,TRUE,FALSE) -> FALSE | CL5: 2 | CM5: Yonos MAXO-D 40/0,5-12 | CN5: =IF($E$14=CP5,TRUE,FALSE) -> FALSE | CO5: 2 | CP5: Stratos-D 40/1-12 | CR5: =IF($B$15=CT5,TRUE,FALSE) -> FALSE | CS5: 1 | CT5: TOP-SD | CW5: =IF($E$9=CY5,TRUE,FALSE) -> FALSE | CX5: 1 | CY5: НН08 | DA5: =IF($F$9=DC5,TRUE,FALSE) -> TRUE | DB5: 1 | DC5: 1 | DE5: =IF($B$16=DG5,TRUE,FALSE) -> FALSE | DF5: 2 | DG5: Danfoss | DI5: =IF($B$17=DK5,TRUE,FALSE) -> FALSE | DJ5: 0 | DK5: Учтен в БОВ-1
A6: Т2 | B6: =IF(OR('ОЛ(4)'!C24="зависимая",'ОЛ(4)'!C24=0),'ОЛ(4)'!R13,IF(('ОЛ(4)'!R13-B8)<5,B8+5,'ОЛ(4)'!R13)) -> 75 | C6: °С | E6: dкл | F6: =VLOOKUP(TRUE,IF(B14="IMI Hydronic",Z4:AB21,IF(B14="Siemens",AC4:AE22,AF4:AH16)),2,FALSE) -> 25 | I6: =IF($B$12<12,(IF((L6>4)*AND(L6<16),2,0)),IF((L6>4)*AND(L6<20),2,0)) -> 0 | J6: 25 | K6: =1/POWER(1.14+2*LOG10((J6/1000)/($K$21/1000)),2) -> 0.048560427 | L6: =0.00638*K6*POWER($F$4,2)/(POWER(J6/1000,5)*$K$20) -> 437.71451 | N6: =IF((Q6>4)*AND(Q6<20),1,0) -> 0 | O6: 25 | P6: =1/POWER(1.14+2*LOG10((O6/1000)/($K$21/1000)),2) -> 0.048560427 | Q6: =0.00638*P6*POWER($F$11,2)/(POWER(O6/1000,5)*$K$20) -> 2118.5382 | R6: =IF((U6>4)*AND(U6<20),1,0) -> 1 | S6: 25 | T6: =1/POWER(1.14+2*LOG10((S6/1000)/($K$21/1000)),2) -> 0.048560427 | U6: =0.00638*T6*POWER($F$16,2)/(POWER(S6/1000,5)*$K$20) -> 5.0348385 | Z6: =IF(AB6>$X$5,TRUE,FALSE) -> FALSE | AA6: 15 | AB6: 4 | AC6: =IF(AE6>$X$5,TRUE,FALSE) -> FALSE | AD6: 15 | AE6: 4 | AF6: =IF(AH6>$X$5,TRUE,FALSE) -> FALSE | AG6: 15 | AH6: 4 | AJ6: 10 | AK6: =IF($F$13<AJ6,TRUE,FALSE) -> TRUE | AL6: TOP-SD 50/10 3~ | AM6: =IF($F$13<AJ6,TRUE,FALSE) -> TRUE | AN6: Yonos MAXO-D 50/0,5-12 | AO6: =IF($F$13<AJ6,TRUE,FALSE) -> TRUE | AP6: Stratos-D 50/1-12 | AS6: 0.67 | AT6: =IF($B$4<AS6,TRUE,FALSE) -> TRUE | AU6: НН19 | AV6: =IF($B$4<AS6,TRUE,FALSE) -> TRUE | AW6: 1 | AX6: 0.575 | AY6: =IF($B$4<AX6,TRUE,FALSE) -> TRUE | AZ6: НН19 | BA6: =IF($B$4<AX6,TRUE,FALSE) -> TRUE | BB6: 1 | BC6: 0.71 | BD6: =IF($B$4<BC6,TRUE,FALSE) -> TRUE | BE6: НН19 | BF6: =IF($B$4<BC6,TRUE,FALSE) -> TRUE | BG6: 2 | BH6: 0.3 | BI6: =IF($B$4<BH6,TRUE,FALSE) -> TRUE | BJ6: НН19 | BK6: =IF($B$4<BH6,TRUE,FALSE) -> TRUE | BL6: 1 | BQ6: =IF($F$5=BS6,TRUE,FALSE) -> FALSE | BR6: 03 | BS6: 25 | BU6: =IF($F$7=BX6,TRUE,FALSE) -> FALSE | BV6: 03 | BW6: 15 | BX6: 1.6 | BZ6: =IF($B$14=CB6,TRUE,FALSE) -> FALSE | CA6: 3 | CB6: Siemens | CD6: =IF($F$12=CF6,TRUE,FALSE) -> FALSE | CE6: 03 | CF6: 25 | CH6: =IF($E$14=CJ6,TRUE,FALSE) -> FALSE | CI6: 3 | CJ6: TOP-SD 50/10 3~ | CK6: =IF($E$14=CM6,TRUE,FALSE) -> FALSE | CL6: 3 | CM6: Yonos MAXO-D 50/0,5-12 | CN6: =IF($E$14=CP6,TRUE,FALSE) -> TRUE | CO6: 3 | CP6: Stratos-D 50/1-12 | CR6: =IF($B$15=CT6,TRUE,FALSE) -> FALSE | CS6: 2 | CT6: Yonos MAXO-D | CW6: =IF($E$9=CY6,TRUE,FALSE) -> TRUE | CX6: 2 | CY6: НН14 | DA6: =IF($F$9=DC6,TRUE,FALSE) -> FALSE | DB6: 2 | DC6: 2 | DE6: =IF($B$16=DG6,TRUE,FALSE) -> FALSE | DF6: 3 | DG6: Siemens
A7: Т11 | B7: ='ОЛ(4)'!N14 -> 95 | C7: °С | E7: Kv | F7: =VLOOKUP(TRUE,IF(B14="IMI Hydronic",Z4:AB21,IF(B14="Siemens",AC4:AE22,AF4:AH16)),3,FALSE) -> 10 | I7: =IF($B$12<12,(IF((L7>4)*AND(L7<16),2,0)),IF((L7>4)*AND(L7<20),2,0)) -> 0 | J7: 32 | K7: =1/POWER(1.14+2*LOG10((J7/1000)/($K$21/1000)),2) -> 0.044277322 | L7: =0.00638*K7*POWER($F$4,2)/(POWER(J7/1000,5)*$K$20) -> 116.15554 | N7: =IF((Q7>4)*AND(Q7<20),1,0) -> 0 | O7: 32 | P7: =1/POWER(1.14+2*LOG10((O7/1000)/($K$21/1000)),2) -> 0.044277322 | Q7: =0.00638*P7*POWER($F$11,2)/(POWER(O7/1000,5)*$K$20) -> 562.19283 | R7: =IF((U7>4)*AND(U7<20),1,0) -> 0 | S7: 32 | T7: =1/POWER(1.14+2*LOG10((S7/1000)/($K$21/1000)),2) -> 0.044277322 | U7: =0.00638*T7*POWER($F$16,2)/(POWER(S7/1000,5)*$K$20) -> 1.3360864 | Z7: =IF(AB7>$X$5,TRUE,FALSE) -> FALSE | AA7: 20 | AB7: 6.3 | AC7: =IF(AE7>$X$5,TRUE,FALSE) -> FALSE | AD7: 20 | AE7: 6.3 | AF7: =IF(AH7>$X$5,TRUE,FALSE) -> FALSE | AG7: 20 | AH7: 6.3 | AJ7: 14 | AK7: =IF($F$13<AJ7,TRUE,FALSE) -> TRUE | AL7: TOP-SD 40/15 3~ | AM7: =IF($F$13<AJ7,TRUE,FALSE) -> TRUE | AN7: Yonos MAXO-D 40/0,5-16 | AO7: =IF($F$13<AJ7,TRUE,FALSE) -> TRUE | AP7: Stratos-D 40/1-16 | AS7: 1 | AT7: =IF($B$4<AS7,TRUE,FALSE) -> TRUE | AU7: НН19 | AV7: =IF($B$4<AS7,TRUE,FALSE) -> TRUE | AW7: 2 | AX7: 0.9 | AY7: =IF($B$4<AX7,TRUE,FALSE) -> TRUE | AZ7: НН19 | BA7: =IF($B$4<AX7,TRUE,FALSE) -> TRUE | BB7: 2 | BC7: 0.95 | BD7: =IF($B$4<BC7,TRUE,FALSE) -> TRUE | BE7: НН19 | BF7: =IF($B$4<BC7,TRUE,FALSE) -> TRUE | BG7: 3 | BH7: 0.48 | BI7: =IF($B$4<BH7,TRUE,FALSE) -> TRUE | BJ7: НН19 | BK7: =IF($B$4<BH7,TRUE,FALSE) -> TRUE | BL7: 2 | BQ7: =IF($F$5=BS7,TRUE,FALSE) -> FALSE | BR7: 04 | BS7: 32 | BU7: =IF($F$7=BX7,TRUE,FALSE) -> FALSE | BV7: 04 | BW7: 15 | BX7: 2.5 | CD7: =IF($F$12=CF7,TRUE,FALSE) -> FALSE | CE7: 04 | CF7: 32 | CH7: =IF($E$14=CJ7,TRUE,FALSE) -> FALSE | CI7: 4 | CJ7: TOP-SD 40/15 3~ | CK7: =IF($E$14=CM7,TRUE,FALSE) -> FALSE | CL7: 4 | CM7: Yonos MAXO-D 40/0,5-16 | CN7: =IF($E$14=CP7,TRUE,FALSE) -> FALSE | CO7: 4 | CP7: Stratos-D 40/1-16 | CR7: =IF($B$15=CT7,TRUE,FALSE) -> TRUE | CS7: 3 | CT7: Stratos-D | CW7: =IF($E$9=CY7,TRUE,FALSE) -> FALSE | CX7: 3 | CY7: НН20 | DA7: =IF($F$9=DC7,TRUE,FALSE) -> FALSE | DB7: 3 | DC7: 3
A8: Т21 | B8: ='ОЛ(4)'!R14 -> 70 | C8: °С | E8: ΔPкл | F8: =(F4^2/F7^2)*10 -> 1.322314 | I8: =IF($B$12<12,(IF((L8>4)*AND(L8<16),2,0)),IF((L8>4)*AND(L8<20),2,0)) -> 0 | J8: 40 | K8: =1/POWER(1.14+2*LOG10((J8/1000)/($K$21/1000)),2) -> 0.040875226 | L8: =0.00638*K8*POWER($F$4,2)/(POWER(J8/1000,5)*$K$20) -> 35.137325 | N8: =IF((Q8>4)*AND(Q8<20),1,0) -> 0 | O8: 40 | P8: =1/POWER(1.14+2*LOG10((O8/1000)/($K$21/1000)),2) -> 0.040875226 | Q8: =0.00638*P8*POWER($F$11,2)/(POWER(O8/1000,5)*$K$20) -> 170.06465 | R8: =IF((U8>4)*AND(U8<20),1,0) -> 0 | S8: 40 | T8: =1/POWER(1.14+2*LOG10((S8/1000)/($K$21/1000)),2) -> 0.040875226 | U8: =0.00638*T8*POWER($F$16,2)/(POWER(S8/1000,5)*$K$20) -> 0.40416928 | Z8: =IF(AB8>$X$5,TRUE,FALSE) -> TRUE | AA8: 25 | AB8: 10 | AC8: =IF(AE8>$X$5,TRUE,FALSE) -> TRUE | AD8: 25 | AE8: 10 | AF8: =IF(AH8>$X$5,TRUE,FALSE) -> TRUE | AG8: 25 | AH8: 10 | AJ8: 25 | AK8: =IF($F$13<AJ8,TRUE,FALSE) -> TRUE | AL8: TOP-SD 50/15 3~ | AM8: =IF($F$13<AJ8,TRUE,FALSE) -> TRUE | AN8: Yonos MAXO-D 50/0,5-16 | AO8: =IF($F$13<AJ8,TRUE,FALSE) -> TRUE | AP8: Stratos-D 50/1-16 | AS8: 1.25 | AT8: =IF($B$4<AS8,TRUE,FALSE) -> TRUE | AU8: НН19 | AV8: =IF($B$4<AS8,TRUE,FALSE) -> TRUE | AW8: 3 | AX8: 1.16 | AY8: =IF($B$4<AX8,TRUE,FALSE) -> TRUE | AZ8: НН19 | BA8: =IF($B$4<AX8,TRUE,FALSE) -> TRUE | BB8: 3 | BC8: 1.25 | BD8: =IF($B$4<BC8,TRUE,FALSE) -> TRUE | BE8: НН19 | BF8: =IF($B$4<BC8,TRUE,FALSE) -> TRUE | BG8: 4 | BH8: 0.66 | BI8: =IF($B$4<BH8,TRUE,FALSE) -> TRUE | BJ8: НН19 | BK8: =IF($B$4<BH8,TRUE,FALSE) -> TRUE | BL8: 3 | BQ8: =IF($F$5=BS8,TRUE,FALSE) -> FALSE | BR8: 05 | BS8: 40 | BU8: =IF($F$7=BX8,TRUE,FALSE) -> FALSE | BV8: 05 | BW8: 15 | BX8: 4 | CD8: =IF($F$12=CF8,TRUE,FALSE) -> FALSE | CE8: 05 | CF8: 40 | CH8: =IF($E$14=CJ8,TRUE,FALSE) -> FALSE | CI8: 5 | CJ8: TOP-SD 50/15 3~ | CK8: =IF($E$14=CM8,TRUE,FALSE) -> FALSE | CL8: 5 | CM8: Yonos MAXO-D 50/0,5-16 | CN8: =IF($E$14=CP8,TRUE,FALSE) -> FALSE | CO8: 5 | CP8: Stratos-D 50/1-16 | CW8: =IF($E$9=CY8,TRUE,FALSE) -> FALSE | CX8: 4 | CY8: НН19 | DA8: =IF($F$9=DC8,TRUE,FALSE) -> FALSE | DB8: 4 | DC8: 4
A9: Р1 | B9: ='ОЛ(4)'!W13*100 -> 60 | C9: м.в.ст. | E9: =IF('ОЛ(4)'!C24="ЗАВИСИМАЯ","ОТСУТСТВУЕТ",VLOOKUP(TRUE,IF(B5=150,AT4:AU11,IF(B5=130,AY4:AZ11,IF(B5=115,BD4:BE10,IF(B5=105,BI4:BJ13,FALSE)))),2,FALSE)) -> НН14 | F9: =IF('ОЛ(4)'!C24="ЗАВИСИМАЯ","ОТСУТСТВУЕТ",VLOOKUP(TRUE,IF(B5=150,AV4:AW11,IF(B5=130,BA4:BB11,IF(B5=115,BF4:BG10,IF(B5=105,BK4:BL13,FALSE)))),2,FALSE)) -> 1 | I9: =IF($B$12<12,(IF((L9>4)*AND(L9<16),2,0)),IF((L9>4)*AND(L9<20),2,0)) -> 2 | J9: 50 | K9: =1/POWER(1.14+2*LOG10((J9/1000)/($K$21/1000)),2) -> 0.037850687 | L9: =0.00638*K9*POWER($F$4,2)/(POWER(J9/1000,5)*$K$20) -> 10.661842 | N9: =IF((Q9>4)*AND(Q9<20),1,0) -> 0 | O9: 50 | P9: =1/POWER(1.14+2*LOG10((O9/1000)/($K$21/1000)),2) -> 0.037850687 | Q9: =0.00638*P9*POWER($F$11,2)/(POWER(O9/1000,5)*$K$20) -> 51.603313 | R9: =IF((U9>4)*AND(U9<20),1,0) -> 0 | S9: 50 | T9: =1/POWER(1.14+2*LOG10((S9/1000)/($K$21/1000)),2) -> 0.037850687 | U9: =0.00638*T9*POWER($F$16,2)/(POWER(S9/1000,5)*$K$20) -> 0.1226385 | Z9: =IF(AB9>$X$5,TRUE,FALSE) -> TRUE | AA9: 32 | AB9: 16 | AC9: =IF(AE9>$X$5,TRUE,FALSE) -> TRUE | AD9: 32 | AE9: 16 | AF9: =IF(AH9>$X$5,TRUE,FALSE) -> TRUE | AG9: 32 | AH9: 16 | AJ9: 30 | AK9: =IF($F$13<AJ9,TRUE,FALSE) -> TRUE | AL9: TOP-SD 65/15 3~ | AM9: =IF($F$13<AJ9,TRUE,FALSE) -> TRUE | AN9: Yonos MAXO-D 65/0,5-16 | AO9: =IF($F$13<AJ9,TRUE,FALSE) -> TRUE | AP9: Stratos-D 65/1-12 | AS9: 1.3 | AT9: =IF($B$4<AS9,TRUE,FALSE) -> TRUE | AU9: НН19 | AV9: =IF($B$4<AS9,TRUE,FALSE) -> TRUE | AW9: 4 | AX9: 1.3 | AY9: =IF($B$4<AX9,TRUE,FALSE) -> TRUE | AZ9: НН19 | BA9: =IF($B$4<AX9,TRUE,FALSE) -> TRUE | BB9: 4 | BC9: 1.8 | BD9: =IF($B$4<BC9,TRUE,FALSE) -> TRUE | BE9: НН47 | BF9: =IF($B$4<BC9,TRUE,FALSE) -> TRUE | BG9: 2 | BH9: 0.91 | BI9: =IF($B$4<BH9,TRUE,FALSE) -> TRUE | BJ9: НН19 | BK9: =IF($B$4<BH9,TRUE,FALSE) -> TRUE | BL9: 4 | BQ9: =IF($F$5=BS9,TRUE,FALSE) -> TRUE | BR9: 06 | BS9: 50 | BU9: =IF($F$7=BX9,TRUE,FALSE) -> FALSE | BV9: 06 | BW9: 20 | BX9: 5 | CD9: =IF($F$12=CF9,TRUE,FALSE) -> FALSE | CE9: 06 | CF9: 50 | CH9: =IF($E$14=CJ9,TRUE,FALSE) -> FALSE | CI9: 6 | CJ9: TOP-SD 65/15 3~ | CK9: =IF($E$14=CM9,TRUE,FALSE) -> FALSE | CL9: 6 | CM9: Yonos MAXO-D 65/0,5-16 | CN9: =IF($E$14=CP9,TRUE,FALSE) -> FALSE | CO9: 6 | CP9: Stratos-D 65/1-12 | CW9: =IF($E$9=CY9,TRUE,FALSE) -> FALSE | CX9: 5 | CY9: НН47 | DA9: =IF($F$9=DC9,TRUE,FALSE) -> FALSE | DB9: 5 | DC9: 5
A10: Р2 | B10: ='ОЛ(4)'!AC13*100 -> 40 | C10: м.в.ст. | I10: =IF($B$12<12,(IF((L10>4)*AND(L10<16),2,0)),IF((L10>4)*AND(L10<20),2,0)) -> 0 | J10: 65 | K10: =1/POWER(1.14+2*LOG10((J10/1000)/($K$21/1000)),2) -> 0.034705101 | L10: =0.00638*K10*POWER($F$4,2)/(POWER(J10/1000,5)*$K$20) -> 2.632904 | N10: =IF((Q10>4)*AND(Q10<20),1,0) -> 1 | O10: 65 | P10: =1/POWER(1.14+2*LOG10((O10/1000)/($K$21/1000)),2) -> 0.034705101 | Q10: =0.00638*P10*POWER($F$11,2)/(POWER(O10/1000,5)*$K$20) -> 12.743255 | R10: =IF((U10>4)*AND(U10<20),1,0) -> 0 | S10: 65 | T10: =1/POWER(1.14+2*LOG10((S10/1000)/($K$21/1000)),2) -> 0.034705101 | U10: =0.00638*T10*POWER($F$16,2)/(POWER(S10/1000,5)*$K$20) -> 0.030285143 | Z10: =IF(AB10>$X$5,TRUE,FALSE) -> TRUE | AA10: 40 | AB10: 20 | AC10: =IF(AE10>$X$5,TRUE,FALSE) -> TRUE | AD10: 40 | AE10: 25 | AF10: =IF(AH10>$X$5,TRUE,FALSE) -> TRUE | AG10: 40 | AH10: 25 | AJ10: 40 | AK10: =IF($F$13<AJ10,TRUE,FALSE) -> TRUE | AL10: TOP-SD 80/15 3~ | AM10: =IF($F$13<AJ10,TRUE,FALSE) -> TRUE | AN10: Yonos MAXO-D 80/0,5-12 | AO10: =IF($F$13<AJ10,TRUE,FALSE) -> TRUE | AP10: Stratos-D 80/1-12 | AS10: 1.65 | AT10: =IF($B$4<AS10,TRUE,FALSE) -> TRUE | AU10: НН47 | AV10: =IF($B$4<AS10,TRUE,FALSE) -> TRUE | AW10: 1 | AX10: 1.4 | AY10: =IF($B$4<AX10,TRUE,FALSE) -> TRUE | AZ10: НН47 | BA10: =IF($B$4<AX10,TRUE,FALSE) -> TRUE | BB10: 1 | BC10: 2.001 | BD10: =IF($B$4<BC10,TRUE,FALSE) -> TRUE | BE10: НН62 | BF10: =IF($B$4<BC10,TRUE,FALSE) -> TRUE | BG10: 1 | BH10: 1.1 | BI10: =IF($B$4<BH10,TRUE,FALSE) -> TRUE | BJ10: НН19 | BK10: =IF($B$4<BH10,TRUE,FALSE) -> TRUE | BL10: 5 | BQ10: =IF($F$5=BS10,TRUE,FALSE) -> FALSE | BR10: 07 | BS10: 65 | BU10: =IF($F$7=BX10,TRUE,FALSE) -> FALSE | BV10: 07 | BW10: 20 | BX10: 6.3 | CD10: =IF($F$12=CF10,TRUE,FALSE) -> TRUE | CE10: 07 | CF10: 65 | CH10: =IF($E$14=CJ10,TRUE,FALSE) -> FALSE | CI10: 7 | CJ10: TOP-SD 80/15 3~ | CK10: =IF($E$14=CM10,TRUE,FALSE) -> FALSE | CL10: 7 | CM10: Yonos MAXO-D 80/0,5-12 | CN10: =IF($E$14=CP10,TRUE,FALSE) -> FALSE | CO10: 7 | CP10: Stratos-D 80/1-12 | CW10: =IF($E$9=CY10,TRUE,FALSE) -> FALSE | CX10: 6 | CY10: НН62
A11: Δpсов | B11: ='ОЛ(4)'!Z14 -> 0 | C11: м.в.ст. | E11: G2 | F11: =B4*1000/(B7-B8) -> 8 | I11: =IF($B$12<12,(IF((L11>4)*AND(L11<16),2,0)),IF((L11>4)*AND(L11<20),2,0)) -> 0 | J11: 80 | K11: =1/POWER(1.14+2*LOG10((J11/1000)/($K$21/1000)),2) -> 0.032485498 | L11: =0.00638*K11*POWER($F$4,2)/(POWER(J11/1000,5)*$K$20) -> 0.87266605 | N11: =IF((Q11>4)*AND(Q11<20),1,0) -> 1 | O11: 80 | P11: =1/POWER(1.14+2*LOG10((O11/1000)/($K$21/1000)),2) -> 0.032485498 | Q11: =0.00638*P11*POWER($F$11,2)/(POWER(O11/1000,5)*$K$20) -> 4.2237037 | R11: =IF((U11>4)*AND(U11<20),1,0) -> 0 | S11: 80 | T11: =1/POWER(1.14+2*LOG10((S11/1000)/($K$21/1000)),2) -> 0.032485498 | U11: =0.00638*T11*POWER($F$16,2)/(POWER(S11/1000,5)*$K$20) -> 0.010037896 | Z11: =IF(AB11>$X$5,TRUE,FALSE) -> TRUE | AA11: 40 | AB11: 25 | AC11: =IF(AE11>$X$5,TRUE,FALSE) -> TRUE | AD11: 50 | AE11: 31.5 | AF11: =IF(AH11>$X$5,TRUE,FALSE) -> TRUE | AG11: 50 | AH11: 40 | AJ11: 50 | AK11: =IF($F$13<AJ11,TRUE,FALSE) -> TRUE | AL11: TOP-SD 80/20 3~ | AM11: =IF($F$13<AJ11,TRUE,FALSE) -> TRUE | AN11: DPL 80/115-2,2/2 | AO11: =IF($F$13<AJ11,TRUE,FALSE) -> TRUE | AP11: DPL 80/115-2,2/2 | AS11: 2.001 | AT11: =IF($B$4<AS11,TRUE,FALSE) -> TRUE | AU11: НН47 | AV11: =IF($B$4<AS11,TRUE,FALSE) -> TRUE | AW11: 2 | AX11: 2.001 | AY11: =IF($B$4<AX11,TRUE,FALSE) -> TRUE | AZ11: НН47 | BA11: =IF($B$4<AX11,TRUE,FALSE) -> TRUE | BB11: 2 | BH11: 1.3 | BI11: =IF($B$4<BH11,TRUE,FALSE) -> TRUE | BJ11: НН47 | BK11: =IF($B$4<BH11,TRUE,FALSE) -> TRUE | BL11: 2 | BQ11: =IF($F$5=BS11,TRUE,FALSE) -> FALSE | BR11: 08 | BS11: 80 | BU11: =IF($F$7=BX11,TRUE,FALSE) -> FALSE | BV11: 08 | BW11: 25 | BX11: 8 | CD11: =IF($F$12=CF11,TRUE,FALSE) -> FALSE | CE11: 08 | CF11: 80 | CH11: =IF($E$14=CJ11,TRUE,FALSE) -> FALSE | CI11: 8 | CJ11: TOP-SD 80/20 3~
A12: ΔPтс | B12: =B9-B10 -> 20 | C12: м.в.ст. | E12: D2 | F12: =VLOOKUP(1,N4:Q17,2,FALSE) -> 65 | I12: =IF($B$12<12,(IF((L12>4)*AND(L12<16),2,0)),IF((L12>4)*AND(L12<20),2,0)) -> 0 | J12: 100 | K12: =1/POWER(1.14+2*LOG10((J12/1000)/($K$21/1000)),2) -> 0.030329451 | L12: =0.00638*K12*POWER($F$4,2)/(POWER(J12/1000,5)*$K$20) -> 0.2669765 | N12: =IF((Q12>4)*AND(Q12<20),1,0) -> 0 | O12: 100 | P12: =1/POWER(1.14+2*LOG10((O12/1000)/($K$21/1000)),2) -> 0.030329451 | Q12: =0.00638*P12*POWER($F$11,2)/(POWER(O12/1000,5)*$K$20) -> 1.2921663 | R12: =IF((U12>4)*AND(U12<20),1,0) -> 0 | S12: 100 | T12: =1/POWER(1.14+2*LOG10((S12/1000)/($K$21/1000)),2) -> 0.030329451 | U12: =0.00638*T12*POWER($F$16,2)/(POWER(S12/1000,5)*$K$20) -> 0.0030709139 | Z12: =IF(AB12>$X$5,TRUE,FALSE) -> TRUE | AA12: 50 | AB12: 31.5 | AC12: =IF(AE12>$X$5,TRUE,FALSE) -> TRUE | AD12: 50 | AE12: 40 | AF12: =IF(AH12>$X$5,TRUE,FALSE) -> TRUE | AG12: 65 | AH12: 63 | AJ12: 60 | AK12: =IF($F$13<AJ12,TRUE,FALSE) -> TRUE | AL12: DPL 80/115-2,2/2 | AM12: =IF($F$13<AJ12,TRUE,FALSE) -> TRUE | AN12: DPL 80/115-2,2/2 | AO12: =IF($F$13<AJ12,TRUE,FALSE) -> TRUE | AP12: DPL 80/115-2,2/2 | BH12: 1.45 | BI12: =IF($B$4<BH12,TRUE,FALSE) -> TRUE | BJ12: НН62 | BK12: =IF($B$4<BH12,TRUE,FALSE) -> TRUE | BL12: 1 | BQ12: =IF($F$5=BS12,TRUE,FALSE) -> FALSE | BR12: 09 | BS12: 100 | BU12: =IF($F$7=BX12,TRUE,FALSE) -> TRUE | BV12: 09 | BW12: 25 | BX12: 10 | CD12: =IF($F$12=CF12,TRUE,FALSE) -> FALSE | CE12: 09 | CF12: 100 | CH12: =IF($E$14=CJ12,TRUE,FALSE) -> FALSE
E13: Gнас | F13: =F11*1.1 -> 8.8 | I13: =IF($B$12<12,(IF((L13>4)*AND(L13<16),2,0)),IF((L13>4)*AND(L13<20),2,0)) -> 0 | J13: 125 | K13: =1/POWER(1.14+2*LOG10((J13/1000)/($K$21/1000)),2) -> 0.028381136 | L13: =0.00638*K13*POWER($F$4,2)/(POWER(J13/1000,5)*$K$20) -> 0.081863101 | N13: =IF((Q13>4)*AND(Q13<20),1,0) -> 0 | O13: 125 | P13: =1/POWER(1.14+2*LOG10((O13/1000)/($K$21/1000)),2) -> 0.028381136 | Q13: =0.00638*P13*POWER($F$11,2)/(POWER(O13/1000,5)*$K$20) -> 0.39621741 | R13: =IF((U13>4)*AND(U13<20),1,0) -> 0 | S13: 125 | T13: =1/POWER(1.14+2*LOG10((S13/1000)/($K$21/1000)),2) -> 0.028381136 | U13: =0.00638*T13*POWER($F$16,2)/(POWER(S13/1000,5)*$K$20) -> 0.00094163544 | Z13: =IF(AB13>$X$5,TRUE,FALSE) -> TRUE | AA13: 50 | AB13: 40 | AC13: =IF(AE13>$X$5,TRUE,FALSE) -> TRUE | AD13: 65 | AE13: 50 | AF13: =IF(AH13>$X$5,TRUE,FALSE) -> TRUE | AG13: 80 | AH13: 100 | AJ13: 90 | AK13: =IF($F$13<AJ13,TRUE,FALSE) -> TRUE | AL13: DPL 100/175-3/4 | AM13: =IF($F$13<AJ13,TRUE,FALSE) -> TRUE | AN13: DPL 100/175-3/4 | AO13: =IF($F$13<AJ13,TRUE,FALSE) -> TRUE | AP13: DPL 100/175-3/4 | BH13: 2.001 | BI13: =IF($B$4<BH13,TRUE,FALSE) -> TRUE | BJ13: НН62 | BK13: =IF($B$4<BH13,TRUE,FALSE) -> TRUE | BL13: 2 | BQ13: =IF($F$5=BS13,TRUE,FALSE) -> FALSE | BR13: 10 | BS13: 125 | BU13: =IF($F$7=BX13,TRUE,FALSE) -> FALSE | BV13: 10 | BW13: 32 | BX13: 12.5 | CD13: =IF($F$12=CF13,TRUE,FALSE) -> FALSE | CE13: 10 | CF13: 125 | CH13: =IF($E$14=CJ13,TRUE,FALSE) -> FALSE | CI13: 10 | CJ13: DPL 80/115-2,2/2 | CK13: =IF($E$14=CM13,TRUE,FALSE) -> FALSE | CL13: 10 | CM13: DPL 80/115-2,2/2 | CN13: =IF($E$14=CP13,TRUE,FALSE) -> FALSE | CO13: 10 | CP13: DPL 80/115-2,2/2
A14: Клапан | B14: ='ОЛ(4)'!O24 -> IMI Hydronic | E14: =VLOOKUP(TRUE,IF(B15="TOP-SD",AK4:AL13,IF(B15="Yonos MAXO-D",AM4:AN13,IF(B15="Stratos-D",AO4:AP13,FALSE))),2,FALSE) -> Stratos-D 50/1-12 | I14: =IF($B$12<12,(IF((L14>4)*AND(L14<16),2,0)),IF((L14>4)*AND(L14<20),2,0)) -> 0 | J14: 150 | K14: =1/POWER(1.14+2*LOG10((J14/1000)/($K$21/1000)),2) -> 0.026925299 | L14: =0.00638*K14*POWER($F$4,2)/(POWER(J14/1000,5)*$K$20) -> 0.031211362 | N14: =IF((Q14>4)*AND(Q14<20),1,0) -> 0 | O14: 150 | P14: =1/POWER(1.14+2*LOG10((O14/1000)/($K$21/1000)),2) -> 0.026925299 | Q14: =0.00638*P14*POWER($F$11,2)/(POWER(O14/1000,5)*$K$20) -> 0.15106299 | R14: =IF((U14>4)*AND(U14<20),1,0) -> 0 | S14: 150 | T14: =1/POWER(1.14+2*LOG10((S14/1000)/($K$21/1000)),2) -> 0.026925299 | U14: =0.00638*T14*POWER($F$16,2)/(POWER(S14/1000,5)*$K$20) -> 0.00035901065 | Z14: =IF(AB14>$X$5,TRUE,FALSE) -> TRUE | AA14: 65 | AB14: 50 | AC14: =IF(AE14>$X$5,TRUE,FALSE) -> TRUE | AD14: 65 | AE14: 63 | AF14: =IF(AH14>$X$5,TRUE,FALSE) -> TRUE | AG14: 100 | AH14: 160 | BQ14: =IF($F$5=BS14,TRUE,FALSE) -> FALSE | BR14: 11 | BS14: 150 | BU14: =IF($F$7=BX14,TRUE,FALSE) -> FALSE | BV14: 11 | BW14: 32 | BX14: 16 | CD14: =IF($F$12=CF14,TRUE,FALSE) -> FALSE | CE14: 11 | CF14: 150 | CH14: =IF($E$14=CJ14,TRUE,FALSE) -> FALSE | CI14: 11 | CJ14: DPL 100/175-3/4 | CK14: =IF($E$14=CM14,TRUE,FALSE) -> FALSE | CL14: 11 | CM14: DPL 100/175-3/4 | CN14: =IF($E$14=CP14,TRUE,FALSE) -> FALSE | CO14: 11 | CP14: DPL 100/175-3/4
A15: Насос | B15: ='ОЛ(4)'!I24 -> Stratos-D | I15: =IF($B$12<12,(IF((L15>4)*AND(L15<16),2,0)),IF((L15>4)*AND(L15<20),2,0)) -> 0 | J15: 200 | K15: =1/POWER(1.14+2*LOG10((J15/1000)/($K$21/1000)),2) -> 0.024846043 | L15: =0.00638*K15*POWER($F$4,2)/(POWER(J15/1000,5)*$K$20) -> 0.0068346414 | N15: =IF((Q15>4)*AND(Q15<20),1,0) -> 0 | O15: 200 | P15: =1/POWER(1.14+2*LOG10((O15/1000)/($K$21/1000)),2) -> 0.024846043 | Q15: =0.00638*P15*POWER($F$11,2)/(POWER(O15/1000,5)*$K$20) -> 0.033079664 | R15: =IF((U15>4)*AND(U15<20),1,0) -> 0 | S15: 200 | T15: =1/POWER(1.14+2*LOG10((S15/1000)/($K$21/1000)),2) -> 0.024846043 | U15: =0.00638*T15*POWER($F$16,2)/(POWER(S15/1000,5)*$K$20) -> 7.861589e-05 | Z15: =IF(AB15>$X$5,TRUE,FALSE) -> TRUE | AA15: 65 | AB15: 63 | AC15: =IF(AE15>$X$5,TRUE,FALSE) -> TRUE | AD15: 80 | AE15: 80 | AF15: =IF(AH15>$X$5,TRUE,FALSE) -> TRUE | AG15: 125 | AH15: 250 | BQ15: =IF($F$5=BS15,TRUE,FALSE) -> FALSE | BR15: 12 | BS15: 200 | BU15: =IF($F$7=BX15,TRUE,FALSE) -> FALSE | BV15: 12 | BW15: 40 | BX15: 20 | CD15: =IF($F$12=CF15,TRUE,FALSE) -> FALSE | CE15: 12 | CF15: 200
A16: Контр. | B16: ='ОЛ(4)'!U24 -> Segnetics | E16: Gп | F16: =IF(B18="Отопление",11.7,IF(B18="Вентиляция",8.6,30))*B4/6 -> 0.39 | I16: =IF($B$12<12,(IF((L16>4)*AND(L16<16),2,0)),IF((L16>4)*AND(L16<20),2,0)) -> 0 | J16: 250 | K16: =1/POWER(1.14+2*LOG10((J16/1000)/($K$21/1000)),2) -> 0.023394735 | L16: =0.00638*K16*POWER($F$4,2)/(POWER(J16/1000,5)*$K$20) -> 0.0021087572 | N16: =IF((Q16>4)*AND(Q16<20),1,0) -> 0 | O16: 250 | P16: =1/POWER(1.14+2*LOG10((O16/1000)/($K$21/1000)),2) -> 0.023394735 | Q16: =0.00638*P16*POWER($F$11,2)/(POWER(O16/1000,5)*$K$20) -> 0.010206385 | R16: =IF((U16>4)*AND(U16<20),1,0) -> 0 | S16: 250 | T16: =1/POWER(1.14+2*LOG10((S16/1000)/($K$21/1000)),2) -> 0.023394735 | U16: =0.00638*T16*POWER($F$16,2)/(POWER(S16/1000,5)*$K$20) -> 2.4256112e-05 | Z16: =IF(AB16>$X$5,TRUE,FALSE) -> TRUE | AA16: 80 | AB16: 80 | AC16: =IF(AE16>$X$5,TRUE,FALSE) -> TRUE | AD16: 80 | AE16: 100 | AF16: =IF(AH16>$X$5,TRUE,FALSE) -> TRUE | AG16: 150 | AH16: 400 | BU16: =IF($F$7=BX16,TRUE,FALSE) -> FALSE | BV16: 13 | BW16: 40 | BX16: 25
A17: ША | B17: ='ОЛ(4)'!AA24 -> Отдельный | E17: Dп | F17: =VLOOKUP(1,R4:U17,2,FALSE) -> 20 | I17: =IF($B$12<12,(IF((L17>4)*AND(L17<16),2,0)),IF((L17>4)*AND(L17<20),2,0)) -> 0 | J17: 300 | K17: =1/POWER(1.14+2*LOG10((J17/1000)/($K$21/1000)),2) -> 0.022301284 | L17: =0.00638*K17*POWER($F$4,2)/(POWER(J17/1000,5)*$K$20) -> 0.00080785252 | N17: =IF((Q17>4)*AND(Q17<20),1,0) -> 0 | O17: 300 | P17: =1/POWER(1.14+2*LOG10((O17/1000)/($K$21/1000)),2) -> 0.022301284 | Q17: =0.00638*P17*POWER($F$11,2)/(POWER(O17/1000,5)*$K$20) -> 0.0039100062 | R17: =IF((U17>4)*AND(U17<20),1,0) -> 0 | S17: 300 | T17: =1/POWER(1.14+2*LOG10((S17/1000)/($K$21/1000)),2) -> 0.022301284 | U17: =0.00638*T17*POWER($F$16,2)/(POWER(S17/1000,5)*$K$20) -> 9.2923741e-06 | Z17: =IF(AB17>$X$5,TRUE,FALSE) -> TRUE | AA17: 80 | AB17: 100 | AC17: =IF(AE17>$X$5,TRUE,FALSE) -> TRUE | AD17: 100 | AE17: 125 | BU17: =IF($F$7=BX17,TRUE,FALSE) -> FALSE | BV17: 14 | BW17: 50 | BX17: 31.5
A18: Система | B18: ='ОЛ(4)'!A14 -> Отопление | Z18: =IF(AB18>$X$5,TRUE,FALSE) -> TRUE | AA18: 100 | AB18: 125 | AC18: =IF(AE18>$X$5,TRUE,FALSE) -> TRUE | AD18: 100 | AE18: 160 | BU18: =IF($F$7=BX18,TRUE,FALSE) -> FALSE | BV18: 15 | BW18: 50 | BX18: 40
Z19: =IF(AB19>$X$5,TRUE,FALSE) -> TRUE | AA19: 100 | AB19: 160 | AC19: =IF(AE19>$X$5,TRUE,FALSE) -> TRUE | AD19: 125 | AE19: 200 | BU19: =IF($F$7=BX19,TRUE,FALSE) -> FALSE | BV19: 16 | BW19: 65 | BX19: 50
J20: g | K20: 958.4 | Z20: =IF(AB20>$X$5,TRUE,FALSE) -> TRUE | AA20: 125 | AB20: 250 | AC20: =IF(AE20>$X$5,TRUE,FALSE) -> TRUE | AD20: 125 | AE20: 250 | BU20: =IF($F$7=BX20,TRUE,FALSE) -> FALSE | BV20: 17 | BW20: 65 | BX20: 63
J21: kэ | K21: 0.5 | Z21: =IF(AB21>$X$5,TRUE,FALSE) -> TRUE | AA21: 150 | AB21: 315 | AC21: =IF(AE21>$X$5,TRUE,FALSE) -> TRUE | AD21: 150 | AE21: 315 | BU21: =IF($F$7=BX21,TRUE,FALSE) -> FALSE | BV21: 18 | BW21: 80 | BX21: 80
AC22: =IF(AE22>$X$5,TRUE,FALSE) -> TRUE | AD22: 150 | AE22: 400 | BU22: =IF($F$7=BX22,TRUE,FALSE) -> FALSE | BV22: 19 | BW22: 80 | BX22: 100
BU23: =IF($F$7=BX23,TRUE,FALSE) -> FALSE | BV23: 20 | BW23: 100 | BX23: 125
BU24: =IF($F$7=BX24,TRUE,FALSE) -> FALSE | BV24: 21 | BW24: 100 | BX24: 160
BU25: =IF($F$7=BX25,TRUE,FALSE) -> FALSE | BV25: 22 | BW25: 125 | BX25: 250
BU26: =IF($F$7=BX26,TRUE,FALSE) -> FALSE | BV26: 23 | BW26: 150 | BX26: 315

Sheet БОВ (2)
B2: БОВ-2 | I2: Диаметр трубопровода | W2: Клапан | AJ2: Насос | AN2: TOP-SD | AO2: Yonos MAXO-D | AP2: Stratos-D | AS2: Теплообменник | BN2: Х1 | BR2: Х2 | BV2: Х3 | CA2: Х4 | CE2: Х5 | CI2: Х6 | CR2: Х7 | CW2: Х8 | DA2: Х9 | DE2: Х10 | DI2: Х11
J3: D1 | K3: l | L3: h | O3: D2 | P3: l | Q3: h | S3: Dп | T3: l | U3: h | W3: IMI Hydronic | X3: Siemens | Y3: Danfoss | Z3: IMI Hydronic | AC3: Siemens | AF3: Danfoss | AJ3: Gнас | AS3: 150-75 | AX3: 130-75 | BC3: 115-75 | BH3: 105-75 | BN3: № | BO3: Схема | BR3: № | BS3: Ду | BV3: № | BW3: Ду | BX3: Kv | CA3: № | CB3: Производитель | CE3: № | CF3: Ду | CI3: № | CJ3: Тип насоса | CM3: Тип насоса | CP3: Тип насоса | CS3: № | CT3: Тип насоса | CX3: № | CY3: Тип ТО | DB3: № | DC3: Контролл. | DF3: № | DG3: Контролл. | DJ3: № | DK3: ША
A4: Q | B4: ='ОЛ(4)'!C15 -> 0 | C4: Гкал/ч | E4: G1 | F4: =B4*1000/(B5-B6) -> 0 | I4: =IF($B$12<12,(IF((L4>4)*AND(L4<16),2,0)),IF((L4>4)*AND(L4<20),2,0)) -> 0 | J4: 15 | K4: =1/POWER(1.14+2*LOG10((J4/1000)/($K$21/1000)),2) -> 0.059655827 | L4: =0.00638*K4*POWER($F$4,2)/(POWER(J4/1000,5)*$K$20) -> 0 | N4: =IF((Q4>4)*AND(Q4<20),1,0) -> #DIV/0! | O4: 15 | P4: =1/POWER(1.14+2*LOG10((O4/1000)/($K$21/1000)),2) -> 0.059655827 | Q4: =0.00638*P4*POWER($F$11,2)/(POWER(O4/1000,5)*$K$20) -> #DIV/0! | R4: =IF((U4>4)*AND(U4<20),1,0) -> 0 | S4: 15 | T4: =1/POWER(1.14+2*LOG10((S4/1000)/($K$21/1000)),2) -> 0.059655827 | U4: =0.00638*T4*POWER($F$16,2)/(POWER(S4/1000,5)*$K$20) -> 0 | W4: ΔPкл | X4: =IF(B12=0,0,IF(B12>12,3,1.8)) -> 3 | Z4: =IF(AB4>$X$5,TRUE,FALSE) -> TRUE | AA4: 15 | AB4: 1.6 | AC4: =IF(AE4>$X$5,TRUE,FALSE) -> TRUE | AD4: 15 | AE4: 1.6 | AF4: =IF(AH4>$X$5,TRUE,FALSE) -> TRUE | AG4: 15 | AH4: 1.6 | AJ4: 4 | AK4: =IF($F$13<AJ4,TRUE,FALSE) -> #DIV/0! | AL4: TOP-SD 32/10 3~ | AM4: =IF($F$13<AJ4,TRUE,FALSE) -> #DIV/0! | AN4: Yonos MAXO-D 32/0,5-11 | AO4: =IF($F$13<AJ4,TRUE,FALSE) -> #DIV/0! | AP4: Stratos-D 32/1-12 | AS4: 0.1 | AT4: =IF($B$4<AS4,TRUE,FALSE) -> TRUE | AU4: НН08 | AV4: =IF($B$4<AS4,TRUE,FALSE) -> TRUE | AW4: 1 | AX4: 0.1 | AY4: =IF($B$4<AX4,TRUE,FALSE) -> TRUE | AZ4: НН08 | BA4: =IF($B$4<AX4,TRUE,FALSE) -> TRUE | BB4: 1 | BC4: 0.14 | BD4: =IF($B$4<BC4,TRUE,FALSE) -> TRUE | BE4: НН08 | BF4: =IF($B$4<BC4,TRUE,FALSE) -> TRUE | BG4: 1 | BH4: 0.05 | BI4: =IF($B$4<BH4,TRUE,FALSE) -> TRUE | BJ4: НН08 | BK4: =IF($B$4<BH4,TRUE,FALSE) -> TRUE | BL4: 1 | BN4: 1 | BO4: Зависимая | BQ4: =IF($F$5=BS4,TRUE,FALSE) -> #N/A | BR4: 01 | BS4: 15 | BU4: =IF($F$7=BX4,TRUE,FALSE) -> FALSE | BV4: 01 | BW4: 15 | BX4: 0.63 | BZ4: =IF($B$14=CB4,TRUE,FALSE) -> FALSE | CA4: 1 | CB4: IMI Hydronic | CD4: =IF($F$12=CF4,TRUE,FALSE) -> #N/A | CE4: 01 | CF4: 15 | CH4: =IF($E$14=CJ4,TRUE,FALSE) -> #N/A | CI4: 1 | CJ4: TOP-SD 32/10 3~ | CK4: =IF($E$14=CM4,TRUE,FALSE) -> #N/A | CL4: 1 | CM4: Yonos MAXO-D 32/0,5-11 | CN4: =IF($E$14=CP4,TRUE,FALSE) -> #N/A | CO4: 1 | CP4: Stratos-D 32/1-12 | CR4: =IF(OR(E14="DPL 80/115-2,2/2",E14="DPL 100/175-3/4"),TRUE,FALSE) -> #N/A | CS4: 5 | CW4: =IF($E$9=CY4,TRUE,FALSE) -> FALSE | CX4: 0 | CY4: отсутствует | DA4: =IF($F$9=DC4,TRUE,FALSE) -> FALSE | DB4: 0 | DC4: отсутствует | DE4: =IF($B$16=DG4,TRUE,FALSE) -> FALSE | DF4: 1 | DG4: Segnetics | DI4: =IF($B$17=DK4,TRUE,FALSE) -> FALSE | DJ4: 1 | DK4: отдельный
A5: Т1 | B5: ='ОЛ(4)'!N13 -> 130 | C5: °С | E5: D1 | F5: =VLOOKUP(2,I4:L17,2,FALSE) -> #N/A | I5: =IF($B$12<12,(IF((L5>4)*AND(L5<16),2,0)),IF((L5>4)*AND(L5<20),2,0)) -> 0 | J5: 20 | K5: =1/POWER(1.14+2*LOG10((J5/1000)/($K$21/1000)),2) -> 0.0529903 | L5: =0.00638*K5*POWER($F$4,2)/(POWER(J5/1000,5)*$K$20) -> 0 | N5: =IF((Q5>4)*AND(Q5<20),1,0) -> #DIV/0! | O5: 20 | P5: =1/POWER(1.14+2*LOG10((O5/1000)/($K$21/1000)),2) -> 0.0529903 | Q5: =0.00638*P5*POWER($F$11,2)/(POWER(O5/1000,5)*$K$20) -> #DIV/0! | R5: =IF((U5>4)*AND(U5<20),1,0) -> 0 | S5: 20 | T5: =1/POWER(1.14+2*LOG10((S5/1000)/($K$21/1000)),2) -> 0.0529903 | U5: =0.00638*T5*POWER($F$16,2)/(POWER(S5/1000,5)*$K$20) -> 0 | W5: Kvрасч | X5: =F4/SQRT(0.1*X4) -> 0 | Z5: =IF(AB5>$X$5,TRUE,FALSE) -> TRUE | AA5: 15 | AB5: 2.5 | AC5: =IF(AE5>$X$5,TRUE,FALSE) -> TRUE | AD5: 15 | AE5: 2.5 | AF5: =IF(AH5>$X$5,TRUE,FALSE) -> TRUE | AG5: 15 | AH5: 2.5 | AJ5: 6 | AK5: =IF($F$13<AJ5,TRUE,FALSE) -> #DIV/0! | AL5: TOP-SD 40/10 3~ | AM5: =IF($F$13<AJ5,TRUE,FALSE) -> #DIV/0! | AN5: Yonos MAXO-D 40/0,5-12 | AO5: =IF($F$13<AJ5,TRUE,FALSE) -> #DIV/0! | AP5: Stratos-D 40/1-12 | AS5: 0.25 | AT5: =IF($B$4<AS5,TRUE,FALSE) -> TRUE | AU5: НН14 | AV5: =IF($B$4<AS5,TRUE,FALSE) -> TRUE | AW5: 1 | AX5: 0.25 | AY5: =IF($B$4<AX5,TRUE,FALSE) -> TRUE | AZ5: НН14 | BA5: =IF($B$4<AX5,TRUE,FALSE) -> TRUE | BB5: 1 | BC5: 0.45 | BD5: =IF($B$4<BC5,TRUE,FALSE) -> TRUE | BE5: НН19 | BF5: =IF($B$4<BC5,TRUE,FALSE) -> TRUE | BG5: 1 | BH5: 0.09 | BI5: =IF($B$4<BH5,TRUE,FALSE) -> TRUE | BJ5: НН20 | BK5: =IF($B$4<BH5,TRUE,FALSE) -> TRUE | BL5: 1 | BN5: 2 | BO5: Независимая | BQ5: =IF($F$5=BS5,TRUE,FALSE) -> #N/A | BR5: 02 | BS5: 20 | BU5: =IF($F$7=BX5,TRUE,FALSE) -> FALSE | BV5: 02 | BW5: 15 | BX5: 1.25 | BZ5: =IF($B$14=CB5,TRUE,FALSE) -> FALSE | CA5: 2 | CB5: Danfoss | CD5: =IF($F$12=CF5,TRUE,FALSE) -> #N/A | CE5: 02 | CF5: 20 | CH5: =IF($E$14=CJ5,TRUE,FALSE) -> #N/A | CI5: 2 | CJ5: TOP-SD 40/10 3~ | CK5: =IF($E$14=CM5,TRUE,FALSE) -> #N/A | CL5: 2 | CM5: Yonos MAXO-D 40/0,5-12 | CN5: =IF($E$14=CP5,TRUE,FALSE) -> #N/A | CO5: 2 | CP5: Stratos-D 40/1-12 | CR5: =IF($B$15=CT5,TRUE,FALSE) -> FALSE | CS5: 1 | CT5: TOP-SD | CW5: =IF($E$9=CY5,TRUE,FALSE) -> TRUE | CX5: 1 | CY5: НН08 | DA5: =IF($F$9=DC5,TRUE,FALSE) -> TRUE | DB5: 1 | DC5: 1 | DE5: =IF($B$16=DG5,TRUE,FALSE) -> FALSE | DF5: 2 | DG5: Danfoss | DI5: =IF($B$17=DK5,TRUE,FALSE) -> FALSE | DJ5: 0 | DK5: Учтен в БОВ-1
A6: Т2 | B6: =IF(OR('ОЛ(4)'!C28="зависимая",'ОЛ(4)'!C28=0),'ОЛ(4)'!R13,IF(('ОЛ(4)'!R13-B8)<5,B8+5,'ОЛ(4)'!R13)) -> 70 | C6: °С | E6: dкл | F6: =VLOOKUP(TRUE,IF(B14="IMI Hydronic",Z4:AB21,IF(B14="Siemens",AC4:AE22,AF4:AH16)),2,FALSE) -> 15 | I6: =IF($B$12<12,(IF((L6>4)*AND(L6<16),2,0)),IF((L6>4)*AND(L6<20),2,0)) -> 0 | J6: 25 | K6: =1/POWER(1.14+2*LOG10((J6/1000)/($K$21/1000)),2) -> 0.048560427 | L6: =0.00638*K6*POWER($F$4,2)/(POWER(J6/1000,5)*$K$20) -> 0 | N6: =IF((Q6>4)*AND(Q6<20),1,0) -> #DIV/0! | O6: 25 | P6: =1/POWER(1.14+2*LOG10((O6/1000)/($K$21/1000)),2) -> 0.048560427 | Q6: =0.00638*P6*POWER($F$11,2)/(POWER(O6/1000,5)*$K$20) -> #DIV/0! | R6: =IF((U6>4)*AND(U6<20),1,0) -> 0 | S6: 25 | T6: =1/POWER(1.14+2*LOG10((S6/1000)/($K$21/1000)),2) -> 0.048560427 | U6: =0.00638*T6*POWER($F$16,2)/(POWER(S6/1000,5)*$K$20) -> 0 | Z6: =IF(AB6>$X$5,TRUE,FALSE) -> TRUE | AA6: 15 | AB6: 4 | AC6: =IF(AE6>$X$5,TRUE,FALSE) -> TRUE | AD6: 15 | AE6: 4 | AF6: =IF(AH6>$X$5,TRUE,FALSE) -> TRUE | AG6: 15 | AH6: 4 | AJ6: 10 | AK6: =IF($F$13<AJ6,TRUE,FALSE) -> #DIV/0! | AL6: TOP-SD 50/10 3~ | AM6: =IF($F$13<AJ6,TRUE,FALSE) -> #DIV/0! | AN6: Yonos MAXO-D 50/0,5-12 | AO6: =IF($F$13<AJ6,TRUE,FALSE) -> #DIV/0! | AP6: Stratos-D 50/1-12 | AS6: 0.67 | AT6: =IF($B$4<AS6,TRUE,FALSE) -> TRUE | AU6: НН19 | AV6: =IF($B$4<AS6,TRUE,FALSE) -> TRUE | AW6: 1 | AX6: 0.575 | AY6: =IF($B$4<AX6,TRUE,FALSE) -> TRUE | AZ6: НН19 | BA6: =IF($B$4<AX6,TRUE,FALSE) -> TRUE | BB6: 1 | BC6: 0.71 | BD6: =IF($B$4<BC6,TRUE,FALSE) -> TRUE | BE6: НН19 | BF6: =IF($B$4<BC6,TRUE,FALSE) -> TRUE | BG6: 2 | BH6: 0.3 | BI6: =IF($B$4<BH6,TRUE,FALSE) -> TRUE | BJ6: НН19 | BK6: =IF($B$4<BH6,TRUE,FALSE) -> TRUE | BL6: 1 | BQ6: =IF($F$5=BS6,TRUE,FALSE) -> #N/A | BR6: 03 | BS6: 25 | BU6: =IF($F$7=BX6,TRUE,FALSE) -> TRUE | BV6: 03 | BW6: 15 | BX6: 1.6 | BZ6: =IF($B$14=CB6,TRUE,FALSE) -> FALSE | CA6: 3 | CB6: Siemens | CD6: =IF($F$12=CF6,TRUE,FALSE) -> #N/A | CE6: 03 | CF6: 25 | CH6: =IF($E$14=CJ6,TRUE,FALSE) -> #N/A | CI6: 3 | CJ6: TOP-SD 50/10 3~ | CK6: =IF($E$14=CM6,TRUE,FALSE) -> #N/A | CL6: 3 | CM6: Yonos MAXO-D 50/0,5-12 | CN6: =IF($E$14=CP6,TRUE,FALSE) -> #N/A | CO6: 3 | CP6: Stratos-D 50/1-12 | CR6: =IF($B$15=CT6,TRUE,FALSE) -> FALSE | CS6: 2 | CT6: Yonos MAXO-D | CW6: =IF($E$9=CY6,TRUE,FALSE) -> FALSE | CX6: 2 | CY6: НН14 | DA6: =IF($F$9=DC6,TRUE,FALSE) -> FALSE | DB6: 2 | DC6: 2 | DE6: =IF($B$16=DG6,TRUE,FALSE) -> FALSE | DF6: 3 | DG6: Siemens
A7: Т11 | B7: ='ОЛ(4)'!N15 -> 0 | C7: °С | E7: Kv | F7: =VLOOKUP(TRUE,IF(B14="IMI Hydronic",Z4:AB21,IF(B14="Siemens",AC4:AE22,AF4:AH16)),3,FALSE) -> 1.6 | I7: =IF($B$12<12,(IF((L7>4)*AND(L7<16),2,0)),IF((L7>4)*AND(L7<20),2,0)) -> 0 | J7: 32 | K7: =1/POWER(1.14+2*LOG10((J7/1000)/($K$21/1000)),2) -> 0.044277322 | L7: =0.00638*K7*POWER($F$4,2)/(POWER(J7/1000,5)*$K$20) -> 0 | N7: =IF((Q7>4)*AND(Q7<20),1,0) -> #DIV/0! | O7: 32 | P7: =1/POWER(1.14+2*LOG10((O7/1000)/($K$21/1000)),2) -> 0.044277322 | Q7: =0.00638*P7*POWER($F$11,2)/(POWER(O7/1000,5)*$K$20) -> #DIV/0! | R7: =IF((U7>4)*AND(U7<20),1,0) -> 0 | S7: 32 | T7: =1/POWER(1.14+2*LOG10((S7/1000)/($K$21/1000)),2) -> 0.044277322 | U7: =0.00638*T7*POWER($F$16,2)/(POWER(S7/1000,5)*$K$20) -> 0 | Z7: =IF(AB7>$X$5,TRUE,FALSE) -> TRUE | AA7: 20 | AB7: 6.3 | AC7: =IF(AE7>$X$5,TRUE,FALSE) -> TRUE | AD7: 20 | AE7: 6.3 | AF7: =IF(AH7>$X$5,TRUE,FALSE) -> TRUE | AG7: 20 | AH7: 6.3 | AJ7: 14 | AK7: =IF($F$13<AJ7,TRUE,FALSE) -> #DIV/0! | AL7: TOP-SD 40/15 3~ | AM7: =IF($F$13<AJ7,TRUE,FALSE) -> #DIV/0! | AN7: Yonos MAXO-D 40/0,5-16 | AO7: =IF($F$13<AJ7,TRUE,FALSE) -> #DIV/0! | AP7: Stratos-D 40/1-16 | AS7: 1 | AT7: =IF($B$4<AS7,TRUE,FALSE) -> TRUE | AU7: НН19 | AV7: =IF($B$4<AS7,TRUE,FALSE) -> TRUE | AW7: 2 | AX7: 0.9 | AY7: =IF($B$4<AX7,TRUE,FALSE) -> TRUE | AZ7: НН19 | BA7: =IF($B$4<AX7,TRUE,FALSE) -> TRUE | BB7: 2 | BC7: 0.95 | BD7: =IF($B$4<BC7,TRUE,FALSE) -> TRUE | BE7: НН19 | BF7: =IF($B$4<BC7,TRUE,FALSE) -> TRUE | BG7: 3 | BH7: 0.48 | BI7: =IF($B$4<BH7,TRUE,FALSE) -> TRUE | BJ7: НН19 | BK7: =IF($B$4<BH7,TRUE,FALSE) -> TRUE | BL7: 2 | BQ7: =IF($F$5=BS7,TRUE,FALSE) -> #N/A | BR7: 04 | BS7: 32 | BU7: =IF($F$7=BX7,TRUE,FALSE) -> FALSE | BV7: 04 | BW7: 15 | BX7: 2.5 | CD7: =IF($F$12=CF7,TRUE,FALSE) -> #N/A | CE7: 04 | CF7: 32 | CH7: =IF($E$14=CJ7,TRUE,FALSE) -> #N/A | CI7: 4 | CJ7: TOP-SD 40/15 3~ | CK7: =IF($E$14=CM7,TRUE,FALSE) -> #N/A | CL7: 4 | CM7: Yonos MAXO-D 40/0,5-16 | CN7: =IF($E$14=CP7,TRUE,FALSE) -> #N/A | CO7: 4 | CP7: Stratos-D 40/1-16 | CR7: =IF($B$15=CT7,TRUE,FALSE) -> FALSE | CS7: 3 | CT7: Stratos-D | CW7: =IF($E$9=CY7,TRUE,FALSE) -> FALSE | CX7: 3 | CY7: НН20 | DA7: =IF($F$9=DC7,TRUE,FALSE) -> FALSE | DB7: 3 | DC7: 3
A8: Т21 | B8: ='ОЛ(4)'!R15 -> 0 | C8: °С | E8: ΔPкл | F8: =(F4^2/F7^2)*10 -> 0 | I8: =IF($B$12<12,(IF((L8>4)*AND(L8<16),2,0)),IF((L8>4)*AND(L8<20),2,0)) -> 0 | J8: 40 | K8: =1/POWER(1.14+2*LOG10((J8/1000)/($K$21/1000)),2) -> 0.040875226 | L8: =0.00638*K8*POWER($F$4,2)/(POWER(J8/1000,5)*$K$20) -> 0 | N8: =IF((Q8>4)*AND(Q8<20),1,0) -> #DIV/0! | O8: 40 | P8: =1/POWER(1.14+2*LOG10((O8/1000)/($K$21/1000)),2) -> 0.040875226 | Q8: =0.00638*P8*POWER($F$11,2)/(POWER(O8/1000,5)*$K$20) -> #DIV/0! | R8: =IF((U8>4)*AND(U8<20),1,0) -> 0 | S8: 40 | T8: =1/POWER(1.14+2*LOG10((S8/1000)/($K$21/1000)),2) -> 0.040875226 | U8: =0.00638*T8*POWER($F$16,2)/(POWER(S8/1000,5)*$K$20) -> 0 | Z8: =IF(AB8>$X$5,TRUE,FALSE) -> TRUE | AA8: 25 | AB8: 10 | AC8: =IF(AE8>$X$5,TRUE,FALSE) -> TRUE | AD8: 25 | AE8: 10 | AF8: =IF(AH8>$X$5,TRUE,FALSE) -> TRUE | AG8: 25 | AH8: 10 | AJ8: 25 | AK8: =IF($F$13<AJ8,TRUE,FALSE) -> #DIV/0! | AL8: TOP-SD 50/15 3~ | AM8: =IF($F$13<AJ8,TRUE,FALSE) -> #DIV/0! | AN8: Yonos MAXO-D 50/0,5-16 | AO8: =IF($F$13<AJ8,TRUE,FALSE) -> #DIV/0! | AP8: Stratos-D 50/1-16 | AS8: 1.25 | AT8: =IF($B$4<AS8,TRUE,FALSE) -> TRUE | AU8: НН19 | AV8: =IF($B$4<AS8,TRUE,FALSE) -> TRUE | AW8: 3 | AX8: 1.16 | AY8: =IF($B$4<AX8,TRUE,FALSE) -> TRUE | AZ8: НН19 | BA8: =IF($B$4<AX8,TRUE,FALSE) -> TRUE | BB8: 3 | BC8: 1.25 | BD8: =IF($B$4<BC8,TRUE,FALSE) -> TRUE | BE8: НН19 | BF8: =IF($B$4<BC8,TRUE,FALSE) -> TRUE | BG8: 4 | BH8: 0.66 | BI8: =IF($B$4<BH8,TRUE,FALSE) -> TRUE | BJ8: НН19 | BK8: =IF($B$4<BH8,TRUE,FALSE) -> TRUE | BL8: 3 | BQ8: =IF($F$5=BS8,TRUE,FALSE) -> #N/A | BR8: 05 | BS8: 40 | BU8: =IF($F$7=BX8,TRUE,FALSE) -> FALSE | BV8: 05 | BW8: 15 | BX8: 4 | CD8: =IF($F$12=CF8,TRUE,FALSE) -> #N/A | CE8: 05 | CF8: 40 | CH8: =IF($E$14=CJ8,TRUE,FALSE) -> #N/A | CI8: 5 | CJ8: TOP-SD 50/15 3~ | CK8: =IF($E$14=CM8,TRUE,FALSE) -> #N/A | CL8: 5 | CM8: Yonos MAXO-D 50/0,5-16 | CN8: =IF($E$14=CP8,TRUE,FALSE) -> #N/A | CO8: 5 | CP8: Stratos-D 50/1-16 | CW8: =IF($E$9=CY8,TRUE,FALSE) -> FALSE | CX8: 4 | CY8: НН19 | DA8: =IF($F$9=DC8,TRUE,FALSE) -> FALSE | DB8: 4 | DC8: 4
A9: Р1 | B9: ='ОЛ(4)'!W13*100 -> 60 | C9: м.в.ст. | E9: =IF('ОЛ(4)'!C28="ЗАВИСИМАЯ","ОТСУТСТВУЕТ",VLOOKUP(TRUE,IF(B5=150,AT4:AU11,IF(B5=130,AY4:AZ11,IF(B5=115,BD4:BE10,IF(B5=105,BI4:BJ13,FALSE)))),2,FALSE)) -> НН08 | F9: =IF('ОЛ(4)'!C28="ЗАВИСИМАЯ","ОТСУТСТВУЕТ",VLOOKUP(TRUE,IF(B5=150,AV4:AW11,IF(B5=130,BA4:BB11,IF(B5=115,BF4:BG10,IF(B5=105,BK4:BL13,FALSE)))),2,FALSE)) -> 1 | I9: =IF($B$12<12,(IF((L9>4)*AND(L9<16),2,0)),IF((L9>4)*AND(L9<20),2,0)) -> 0 | J9: 50 | K9: =1/POWER(1.14+2*LOG10((J9/1000)/($K$21/1000)),2) -> 0.037850687 | L9: =0.00638*K9*POWER($F$4,2)/(POWER(J9/1000,5)*$K$20) -> 0 | N9: =IF((Q9>4)*AND(Q9<20),1,0) -> #DIV/0! | O9: 50 | P9: =1/POWER(1.14+2*LOG10((O9/1000)/($K$21/1000)),2) -> 0.037850687 | Q9: =0.00638*P9*POWER($F$11,2)/(POWER(O9/1000,5)*$K$20) -> #DIV/0! | R9: =IF((U9>4)*AND(U9<20),1,0) -> 0 | S9: 50 | T9: =1/POWER(1.14+2*LOG10((S9/1000)/($K$21/1000)),2) -> 0.037850687 | U9: =0.00638*T9*POWER($F$16,2)/(POWER(S9/1000,5)*$K$20) -> 0 | Z9: =IF(AB9>$X$5,TRUE,FALSE) -> TRUE | AA9: 32 | AB9: 16 | AC9: =IF(AE9>$X$5,TRUE,FALSE) -> TRUE | AD9: 32 | AE9: 16 | AF9: =IF(AH9>$X$5,TRUE,FALSE) -> TRUE | AG9: 32 | AH9: 16 | AJ9: 30 | AK9: =IF($F$13<AJ9,TRUE,FALSE) -> #DIV/0! | AL9: TOP-SD 65/15 3~ | AM9: =IF($F$13<AJ9,TRUE,FALSE) -> #DIV/0! | AN9: Yonos MAXO-D 65/0,5-16 | AO9: =IF($F$13<AJ9,TRUE,FALSE) -> #DIV/0! | AP9: Stratos-D 65/1-12 | AS9: 1.3 | AT9: =IF($B$4<AS9,TRUE,FALSE) -> TRUE | AU9: НН19 | AV9: =IF($B$4<AS9,TRUE,FALSE) -> TRUE | AW9: 4 | AX9: 1.3 | AY9: =IF($B$4<AX9,TRUE,FALSE) -> TRUE | AZ9: НН19 | BA9: =IF($B$4<AX9,TRUE,FALSE) -> TRUE | BB9: 4 | BC9: 1.8 | BD9: =IF($B$4<BC9,TRUE,FALSE) -> TRUE | BE9: НН47 | BF9: =IF($B$4<BC9,TRUE,FALSE) -> TRUE | BG9: 2 | BH9: 0.91 | BI9: =IF($B$4<BH9,TRUE,FALSE) -> TRUE | BJ9: НН19 | BK9: =IF($B$4<BH9,TRUE,FALSE) -> TRUE | BL9: 4 | BQ9: =IF($F$5=BS9,TRUE,FALSE) -> #N/A | BR9: 06 | BS9: 50 | BU9: =IF($F$7=BX9,TRUE,FALSE) -> FALSE | BV9: 06 | BW9: 20 | BX9: 5 | CD9: =IF($F$12=CF9,TRUE,FALSE) -> #N/A | CE9: 06 | CF9: 50 | CH9: =IF($E$14=CJ9,TRUE,FALSE) -> #N/A | CI9: 6 | CJ9: TOP-SD 65/15 3~ | CK9: =IF($E$14=CM9,TRUE,FALSE) -> #N/A | CL9: 6 | CM9: Yonos MAXO-D 65/0,5-16 | CN9: =IF($E$14=CP9,TRUE,FALSE) -> #N/A | CO9: 6 | CP9: Stratos-D 65/1-12 | CW9: =IF($E$9=CY9,TRUE,FALSE) -> FALSE | CX9: 5 | CY9: НН47 | DA9: =IF($F$9=DC9,TRUE,FALSE) -> FALSE | DB9: 5 | DC9: 5
A10: Р2 | B10: ='ОЛ(4)'!AC13*100 -> 40 | C10: м.в.ст. | I10: =IF($B$12<12,(IF((L10>4)*AND(L10<16),2,0)),IF((L10>4)*AND(L10<20),2,0)) -> 0 | J10: 65 | K10: =1/POWER(1.14+2*LOG10((J10/1000)/($K$21/1000)),2) -> 0.034705101 | L10: =0.00638*K10*POWER($F$4,2)/(POWER(J10/1000,5)*$K$20) -> 0 | N10: =IF((Q10>4)*AND(Q10<20),1,0) -> #DIV/0! | O10: 65 | P10: =1/POWER(1.14+2*LOG10((O10/1000)/($K$21/1000)),2) -> 0.034705101 | Q10: =0.00638*P10*POWER($F$11,2)/(POWER(O10/1000,5)*$K$20) -> #DIV/0! | R10: =IF((U10>4)*AND(U10<20),1,0) -> 0 | S10: 65 | T10: =1/POWER(1.14+2*LOG10((S10/1000)/($K$21/1000)),2) -> 0.034705101 | U10: =0.00638*T10*POWER($F$16,2)/(POWER(S10/1000,5)*$K$20) -> 0 | Z10: =IF(AB10>$X$5,TRUE,FALSE) -> TRUE | AA10: 40 | AB10: 20 | AC10: =IF(AE10>$X$5,TRUE,FALSE) -> TRUE | AD10: 40 | AE10: 25 | AF10: =IF(AH10>$X$5,TRUE,FALSE) -> TRUE | AG10: 40 | AH10: 25 | AJ10: 40 | AK10: =IF($F$13<AJ10,TRUE,FALSE) -> #DIV/0! | AL10: TOP-SD 80/15 3~ | AM10: =IF($F$13<AJ10,TRUE,FALSE) -> #DIV/0! | AN10: Yonos MAXO-D 80/0,5-12 | AO10: =IF($F$13<AJ10,TRUE,FALSE) -> #DIV/0! | AP10: Stratos-D 80/1-12 | AS10: 1.65 | AT10: =IF($B$4<AS10,TRUE,FALSE) -> TRUE | AU10: НН47 | AV10: =IF($B$4<AS10,TRUE,FALSE) -> TRUE | AW10: 1 | AX10: 1.4 | AY10: =IF($B$4<AX10,TRUE,FALSE) -> TRUE | AZ10: НН47 | BA10: =IF($B$4<AX10,TRUE,FALSE) -> TRUE | BB10: 1 | BC10: 2.001 | BD10: =IF($B$4<BC10,TRUE,FALSE) -> TRUE | BE10: НН62 | BF10: =IF($B$4<BC10,TRUE,FALSE) -> TRUE | BG10: 1 | BH10: 1.1 | BI10: =IF($B$4<BH10,TRUE,FALSE) -> TRUE | BJ10: НН19 | BK10: =IF($B$4<BH10,TRUE,FALSE) -> TRUE | BL10: 5 | BQ10: =IF($F$5=BS10,TRUE,FALSE) -> #N/A | BR10: 07 | BS10: 65 | BU10: =IF($F$7=BX10,TRUE,FALSE) -> FALSE | BV10: 07 | BW10: 20 | BX10: 6.3 | CD10: =IF($F$12=CF10,TRUE,FALSE) -> #N/A | CE10: 07 | CF10: 65 | CH10: =IF($E$14=CJ10,TRUE,FALSE) -> #N/A | CI10: 7 | CJ10: TOP-SD 80/15 3~ | CK10: =IF($E$14=CM10,TRUE,FALSE) -> #N/A | CL10: 7 | CM10: Yonos MAXO-D 80/0,5-12 | CN10: =IF($E$14=CP10,TRUE,FALSE) -> #N/A | CO10: 7 | CP10: Stratos-D 80/1-12 | CW10: =IF($E$9=CY10,TRUE,FALSE) -> FALSE | CX10: 6 | CY10: НН62
A11: Δpсов | B11: ='ОЛ(4)'!Z15 -> 0 | C11: м.в.ст. | E11: G2 | F11: =B4*1000/(B7-B8) -> #DIV/0! | I11: =IF($B$12<12,(IF((L11>4)*AND(L11<16),2,0)),IF((L11>4)*AND(L11<20),2,0)) -> 0 | J11: 80 | K11: =1/POWER(1.14+2*LOG10((J11/1000)/($K$21/1000)),2) -> 0.032485498 | L11: =0.00638*K11*POWER($F$4,2)/(POWER(J11/1000,5)*$K$20) -> 0 | N11: =IF((Q11>4)*AND(Q11<20),1,0) -> #DIV/0! | O11: 80 | P11: =1/POWER(1.14+2*LOG10((O11/1000)/($K$21/1000)),2) -> 0.032485498 | Q11: =0.00638*P11*POWER($F$11,2)/(POWER(O11/1000,5)*$K$20) -> #DIV/0! | R11: =IF((U11>4)*AND(U11<20),1,0) -> 0 | S11: 80 | T11: =1/POWER(1.14+2*LOG10((S11/1000)/($K$21/1000)),2) -> 0.032485498 | U11: =0.00638*T11*POWER($F$16,2)/(POWER(S11/1000,5)*$K$20) -> 0 | Z11: =IF(AB11>$X$5,TRUE,FALSE) -> TRUE | AA11: 40 | AB11: 25 | AC11: =IF(AE11>$X$5,TRUE,FALSE) -> TRUE | AD11: 50 | AE11: 31.5 | AF11: =IF(AH11>$X$5,TRUE,FALSE) -> TRUE | AG11: 50 | AH11: 40 | AJ11: 50 | AK11: =IF($F$13<AJ11,TRUE,FALSE) -> #DIV/0! | AL11: TOP-SD 80/20 3~ | AM11: =IF($F$13<AJ11,TRUE,FALSE) -> #DIV/0! | AN11: DPL 80/115-2,2/2 | AO11: =IF($F$13<AJ11,TRUE,FALSE) -> #DIV/0! | AP11: DPL 80/115-2,2/2 | AS11: 2.001 | AT11: =IF($B$4<AS11,TRUE,FALSE) -> TRUE | AU11: НН47 | AV11: =IF($B$4<AS11,TRUE,FALSE) -> TRUE | AW11: 2 | AX11: 2.001 | AY11: =IF($B$4<AX11,TRUE,FALSE) -> TRUE | AZ11: НН47 | BA11: =IF($B$4<AX11,TRUE,FALSE) -> TRUE | BB11: 2 | BH11: 1.3 | BI11: =IF($B$4<BH11,TRUE,FALSE) -> TRUE | BJ11: НН47 | BK11: =IF($B$4<BH11,TRUE,FALSE) -> TRUE | BL11: 2 | BQ11: =IF($F$5=BS11,TRUE,FALSE) -> #N/A | BR11: 08 | BS11: 80 | BU11: =IF($F$7=BX11,TRUE,FALSE) -> FALSE | BV11: 08 | BW11: 25 | BX11: 8 | CD11: =IF($F$12=CF11,TRUE,FALSE) -> #N/A | CE11: 08 | CF11: 80 | CH11: =IF($E$14=CJ11,TRUE,FALSE) -> #N/A | CI11: 8 | CJ11: TOP-SD 80/20 3~
A12: ΔPтс | B12: =B9-B10 -> 20 | C12: м.в.ст. | E12: D2 | F12: =VLOOKUP(1,N4:Q17,2,FALSE) -> #N/A | I12: =IF($B$12<12,(IF((L12>4)*AND(L12<16),2,0)),IF((L12>4)*AND(L12<20),2,0)) -> 0 | J12: 100 | K12: =1/POWER(1.14+2*LOG10((J12/1000)/($K$21/1000)),2) -> 0.030329451 | L12: =0.00638*K12*POWER($F$4,2)/(POWER(J12/1000,5)*$K$20) -> 0 | N12: =IF((Q12>4)*AND(Q12<20),1,0) -> #DIV/0! | O12: 100 | P12: =1/POWER(1.14+2*LOG10((O12/1000)/($K$21/1000)),2) -> 0.030329451 | Q12: =0.00638*P12*POWER($F$11,2)/(POWER(O12/1000,5)*$K$20) -> #DIV/0! | R12: =IF((U12>4)*AND(U12<20),1,0) -> 0 | S12: 100 | T12: =1/POWER(1.14+2*LOG10((S12/1000)/($K$21/1000)),2) -> 0.030329451 | U12: =0.00638*T12*POWER($F$16,2)/(POWER(S12/1000,5)*$K$20) -> 0 | Z12: =IF(AB12>$X$5,TRUE,FALSE) -> TRUE | AA12: 50 | AB12: 31.5 | AC12: =IF(AE12>$X$5,TRUE,FALSE) -> TRUE | AD12: 50 | AE12: 40 | AF12: =IF(AH12>$X$5,TRUE,FALSE) -> TRUE | AG12: 65 | AH12: 63 | AJ12: 60 | AK12: =IF($F$13<AJ12,TRUE,FALSE) -> #DIV/0! | AL12: DPL 80/115-2,2/2 | AM12: =IF($F$13<AJ12,TRUE,FALSE) -> #DIV/0! | AN12: DPL 80/115-2,2/2 | AO12: =IF($F$13<AJ12,TRUE,FALSE) -> #DIV/0! | AP12: DPL 80/115-2,2/2 | BH12: 1.45 | BI12: =IF($B$4<BH12,TRUE,FALSE) -> TRUE | BJ12: НН62 | BK12: =IF($B$4<BH12,TRUE,FALSE) -> TRUE | BL12: 1 | BQ12: =IF($F$5=BS12,TRUE,FALSE) -> #N/A | BR12: 09 | BS12: 100 | BU12: =IF($F$7=BX12,TRUE,FALSE) -> FALSE | BV12: 09 | BW12: 25 | BX12: 10 | CD12: =IF($F$12=CF12,TRUE,FALSE) -> #N/A | CE12: 09 | CF12: 100 | CH12: =IF($E$14=CJ12,TRUE,FALSE) -> #N/A
E13: Gнас | F13: =F11*1.1 -> #DIV/0! | I13: =IF($B$12<12,(IF((L13>4)*AND(L13<16),2,0)),IF((L13>4)*AND(L13<20),2,0)) -> 0 | J13: 125 | K13: =1/POWER(1.14+2*LOG10((J13/1000)/($K$21/1000)),2) -> 0.028381136 | L13: =0.00638*K13*POWER($F$4,2)/(POWER(J13/1000,5)*$K$20) -> 0 | N13: =IF((Q13>4)*AND(Q13<20),1,0) -> #DIV/0! | O13: 125 | P13: =1/POWER(1.14+2*LOG10((O13/1000)/($K$21/1000)),2) -> 0.028381136 | Q13: =0.00638*P13*POWER($F$11,2)/(POWER(O13/1000,5)*$K$20) -> #DIV/0! | R13: =IF((U13>4)*AND(U13<20),1,0) -> 0 | S13: 125 | T13: =1/POWER(1.14+2*LOG10((S13/1000)/($K$21/1000)),2) -> 0.028381136 | U13: =0.00638*T13*POWER($F$16,2)/(POWER(S13/1000,5)*$K$20) -> 0 | Z13: =IF(AB13>$X$5,TRUE,FALSE) -> TRUE | AA13: 50 | AB13: 40 | AC13: =IF(AE13>$X$5,TRUE,FALSE) -> TRUE | AD13: 65 | AE13: 50 | AF13: =IF(AH13>$X$5,TRUE,FALSE) -> TRUE | AG13: 80 | AH13: 100 | AJ13: 90 | AK13: =IF($F$13<AJ13,TRUE,FALSE) -> #DIV/0! | AL13: DPL 100/175-3/4 | AM13: =IF($F$13<AJ13,TRUE,FALSE) -> #DIV/0! | AN13: DPL 100/175-3/4 | AO13: =IF($F$13<AJ13,TRUE,FALSE) -> #DIV/0! | AP13: DPL 100/175-3/4 | BH13: 2.001 | BI13: =IF($B$4<BH13,TRUE,FALSE) -> TRUE | BJ13: НН62 | BK13: =IF($B$4<BH13,TRUE,FALSE) -> TRUE | BL13: 2 | BQ13: =IF($F$5=BS13,TRUE,FALSE) -> #N/A | BR13: 10 | BS13: 125 | BU13: =IF($F$7=BX13,TRUE,FALSE) -> FALSE | BV13: 10 | BW13: 32 | BX13: 12.5 | CD13: =IF($F$12=CF13,TRUE,FALSE) -> #N/A | CE13: 10 | CF13: 125 | CH13: =IF($E$14=CJ13,TRUE,FALSE) -> #N/A | CI13: 10 | CJ13: DPL 80/115-2,2/2 | CK13: =IF($E$14=CM13,TRUE,FALSE) -> #N/A | CL13: 10 | CM13: DPL 80/115-2,2/2 | CN13: =IF($E$14=CP13,TRUE,FALSE) -> #N/A | CO13: 10 | CP13: DPL 80/115-2,2/2
A14: Клапан | B14: ='ОЛ(4)'!O28 -> 0 | E14: =VLOOKUP(TRUE,IF(B15="TOP-SD",AK4:AL13,IF(B15="Yonos MAXO-D",AM4:AN13,IF(B15="Stratos-D",AO4:AP13,FALSE))),2,FALSE) -> #N/A | I14: =IF($B$12<12,(IF((L14>4)*AND(L14<16),2,0)),IF((L14>4)*AND(L14<20),2,0)) -> 0 | J14: 150 | K14: =1/POWER(1.14+2*LOG10((J14/1000)/($K$21/1000)),2) -> 0.026925299 | L14: =0.00638*K14*POWER($F$4,2)/(POWER(J14/1000,5)*$K$20) -> 0 | N14: =IF((Q14>4)*AND(Q14<20),1,0) -> #DIV/0! | O14: 150 | P14: =1/POWER(1.14+2*LOG10((O14/1000)/($K$21/1000)),2) -> 0.026925299 | Q14: =0.00638*P14*POWER($F$11,2)/(POWER(O14/1000,5)*$K$20) -> #DIV/0! | R14: =IF((U14>4)*AND(U14<20),1,0) -> 0 | S14: 150 | T14: =1/POWER(1.14+2*LOG10((S14/1000)/($K$21/1000)),2) -> 0.026925299 | U14: =0.00638*T14*POWER($F$16,2)/(POWER(S14/1000,5)*$K$20) -> 0 | Z14: =IF(AB14>$X$5,TRUE,FALSE) -> TRUE | AA14: 65 | AB14: 50 | AC14: =IF(AE14>$X$5,TRUE,FALSE) -> TRUE | AD14: 65 | AE14: 63 | AF14: =IF(AH14>$X$5,TRUE,FALSE) -> TRUE | AG14: 100 | AH14: 160 | BQ14: =IF($F$5=BS14,TRUE,FALSE) -> #N/A | BR14: 11 | BS14: 150 | BU14: =IF($F$7=BX14,TRUE,FALSE) -> FALSE | BV14: 11 | BW14: 32 | BX14: 16 | CD14: =IF($F$12=CF14,TRUE,FALSE) -> #N/A | CE14: 11 | CF14: 150 | CH14: =IF($E$14=CJ14,TRUE,FALSE) -> #N/A | CI14: 11 | CJ14: DPL 100/175-3/4 | CK14: =IF($E$14=CM14,TRUE,FALSE) -> #N/A | CL14: 11 | CM14: DPL 100/175-3/4 | CN14: =IF($E$14=CP14,TRUE,FALSE) -> #N/A | CO14: 11 | CP14: DPL 100/175-3/4
A15: Насос | B15: ='ОЛ(4)'!I28 -> 0 | I15: =IF($B$12<12,(IF((L15>4)*AND(L15<16),2,0)),IF((L15>4)*AND(L15<20),2,0)) -> 0 | J15: 200 | K15: =1/POWER(1.14+2*LOG10((J15/1000)/($K$21/1000)),2) -> 0.024846043 | L15: =0.00638*K15*POWER($F$4,2)/(POWER(J15/1000,5)*$K$20) -> 0 | N15: =IF((Q15>4)*AND(Q15<20),1,0) -> #DIV/0! | O15: 200 | P15: =1/POWER(1.14+2*LOG10((O15/1000)/($K$21/1000)),2) -> 0.024846043 | Q15: =0.00638*P15*POWER($F$11,2)/(POWER(O15/1000,5)*$K$20) -> #DIV/0! | R15: =IF((U15>4)*AND(U15<20),1,0) -> 0 | S15: 200 | T15: =1/POWER(1.14+2*LOG10((S15/1000)/($K$21/1000)),2) -> 0.024846043 | U15: =0.00638*T15*POWER($F$16,2)/(POWER(S15/1000,5)*$K$20) -> 0 | Z15: =IF(AB15>$X$5,TRUE,FALSE) -> TRUE | AA15: 65 | AB15: 63 | AC15: =IF(AE15>$X$5,TRUE,FALSE) -> TRUE | AD15: 80 | AE15: 80 | AF15: =IF(AH15>$X$5,TRUE,FALSE) -> TRUE | AG15: 125 | AH15: 250 | BQ15: =IF($F$5=BS15,TRUE,FALSE) -> #N/A | BR15: 12 | BS15: 200 | BU15: =IF($F$7=BX15,TRUE,FALSE) -> FALSE | BV15: 12 | BW15: 40 | BX15: 20 | CD15: =IF($F$12=CF15,TRUE,FALSE) -> #N/A | CE15: 12 | CF15: 200
A16: Контр. | B16: ='ОЛ(4)'!U28 -> 0 | E16: Gп | F16: =IF(B18="Отопление",11.7,IF(B18="Вентиляция",8.6,30))*B4/6 -> 0 | I16: =IF($B$12<12,(IF((L16>4)*AND(L16<16),2,0)),IF((L16>4)*AND(L16<20),2,0)) -> 0 | J16: 250 | K16: =1/POWER(1.14+2*LOG10((J16/1000)/($K$21/1000)),2) -> 0.023394735 | L16: =0.00638*K16*POWER($F$4,2)/(POWER(J16/1000,5)*$K$20) -> 0 | N16: =IF((Q16>4)*AND(Q16<20),1,0) -> #DIV/0! | O16: 250 | P16: =1/POWER(1.14+2*LOG10((O16/1000)/($K$21/1000)),2) -> 0.023394735 | Q16: =0.00638*P16*POWER($F$11,2)/(POWER(O16/1000,5)*$K$20) -> #DIV/0! | R16: =IF((U16>4)*AND(U16<20),1,0) -> 0 | S16: 250 | T16: =1/POWER(1.14+2*LOG10((S16/1000)/($K$21/1000)),2) -> 0.023394735 | U16: =0.00638*T16*POWER($F$16,2)/(POWER(S16/1000,5)*$K$20) -> 0 | Z16: =IF(AB16>$X$5,TRUE,FALSE) -> TRUE | AA16: 80 | AB16: 80 | AC16: =IF(AE16>$X$5,TRUE,FALSE) -> TRUE | AD16: 80 | AE16: 100 | AF16: =IF(AH16>$X$5,TRUE,FALSE) -> TRUE | AG16: 150 | AH16: 400 | BU16: =IF($F$7=BX16,TRUE,FALSE) -> FALSE | BV16: 13 | BW16: 40 | BX16: 25
A17: ША | B17: ='ОЛ(4)'!AA28 -> 0 | E17: Dп | F17: =VLOOKUP(1,R4:U17,2,FALSE) -> #N/A | I17: =IF($B$12<12,(IF((L17>4)*AND(L17<16),2,0)),IF((L17>4)*AND(L17<20),2,0)) -> 0 | J17: 300 | K17: =1/POWER(1.14+2*LOG10((J17/1000)/($K$21/1000)),2) -> 0.022301284 | L17: =0.00638*K17*POWER($F$4,2)/(POWER(J17/1000,5)*$K$20) -> 0 | N17: =IF((Q17>4)*AND(Q17<20),1,0) -> #DIV/0! | O17: 300 | P17: =1/POWER(1.14+2*LOG10((O17/1000)/($K$21/1000)),2) -> 0.022301284 | Q17: =0.00638*P17*POWER($F$11,2)/(POWER(O17/1000,5)*$K$20) -> #DIV/0! | R17: =IF((U17>4)*AND(U17<20),1,0) -> 0 | S17: 300 | T17: =1/POWER(1.14+2*LOG10((S17/1000)/($K$21/1000)),2) -> 0.022301284 | U17: =0.00638*T17*POWER($F$16,2)/(POWER(S17/1000,5)*$K$20) -> 0 | Z17: =IF(AB17>$X$5,TRUE,FALSE) -> TRUE | AA17: 80 | AB17: 100 | AC17: =IF(AE17>$X$5,TRUE,FALSE) -> TRUE | AD17: 100 | AE17: 125 | BU17: =IF($F$7=BX17,TRUE,FALSE) -> FALSE | BV17: 14 | BW17: 50 | BX17: 31.5
A18: Система | B18: ='ОЛ(4)'!A15 -> Вентиляция | Z18: =IF(AB18>$X$5,TRUE,FALSE) -> TRUE | AA18: 100 | AB18: 125 | AC18: =IF(AE18>$X$5,TRUE,FALSE) -> TRUE | AD18: 100 | AE18: 160 | BU18: =IF($F$7=BX18,TRUE,FALSE) -> FALSE | BV18: 15 | BW18: 50 | BX18: 40
Z19: =IF(AB19>$X$5,TRUE,FALSE) -> TRUE | AA19: 100 | AB19: 160 | AC19: =IF(AE19>$X$5,TRUE,FALSE) -> TRUE | AD19: 125 | AE19: 200 | BU19: =IF($F$7=BX19,TRUE,FALSE) -> FALSE | BV19: 16 | BW19: 65 | BX19: 50
J20: g | K20: 958.4 | Z20: =IF(AB20>$X$5,TRUE,FALSE) -> TRUE | AA20: 125 | AB20: 250 | AC20: =IF(AE20>$X$5,TRUE,FALSE) -> TRUE | AD20: 125 | AE20: 250 | BU20: =IF($F$7=BX20,TRUE,FALSE) -> FALSE | BV20: 17 | BW20: 65 | BX20: 63
J21: kэ | K21: 0.5 | Z21: =IF(AB21>$X$5,TRUE,FALSE) -> TRUE | AA21: 150 | AB21: 315 | AC21: =IF(AE21>$X$5,TRUE,FALSE) -> TRUE | AD21: 150 | AE21: 315 | BU21: =IF($F$7=BX21,TRUE,FALSE) -> FALSE | BV21: 18 | BW21: 80 | BX21: 80
AC22: =IF(AE22>$X$5,TRUE,FALSE) -> TRUE | AD22: 150 | AE22: 400 | BU22: =IF($F$7=BX22,TRUE,FALSE) -> FALSE | BV22: 19 | BW22: 80 | BX22: 100
BU23: =IF($F$7=BX23,TRUE,FALSE) -> FALSE | BV23: 20 | BW23: 100 | BX23: 125
BU24: =IF($F$7=BX24,TRUE,FALSE) -> FALSE | BV24: 21 | BW24: 100 | BX24: 160
BU25: =IF($F$7=BX25,TRUE,FALSE) -> FALSE | BV25: 22 | BW25: 125 | BX25: 250
BU26: =IF($F$7=BX26,TRUE,FALSE) -> FALSE | BV26: 23 | BW26: 150 | BX26: 315

Sheet БОВ (3)
B2: БОВ-3 | I2: Диаметр трубопровода | W2: Клапан | AJ2: Насос | AN2: TOP-SD | AO2: Yonos MAXO-D | AP2: Stratos-D | AS2: Теплообменник | BN2: Х1 | BR2: Х2 | BV2: Х3 | CA2: Х4 | CE2: Х5 | CI2: Х6 | CR2: Х7 | CW2: Х8 | DA2: Х9 | DE2: Х10 | DI2: Х11
J3: D1 | K3: l | L3: h | O3: D2 | P3: l | Q3: h | S3: Dп | T3: l | U3: h | W3: IMI Hydronic | X3: Siemens | Y3: Danfoss | Z3: IMI Hydronic | AC3: Siemens | AF3: Danfoss | AJ3: Gнас | AS3: 150-75 | AX3: 130-75 | BC3: 115-75 | BH3: 105-75 | BN3: № | BO3: Схема | BQ3: Т1/Т2 | BR3: № | BS3: Ду | BU3: Клапан | BV3: № | BW3: Ду | BX3: Kv | BZ3: Клапан | CA3: № | CB3: Производитель | CD3: Т11/Т21 | CE3: № | CF3: Ду | CI3: № | CJ3: Тип насоса | CM3: Тип насоса | CP3: Тип насоса | CS3: № | CT3: Тип насоса | CX3: № | CY3: Тип ТО | DB3: № | DC3: Рама ТО | DF3: № | DG3: Контролл. | DJ3: № | DK3: ША
A4: Q | B4: ='ОЛ(4)'!C16 -> 0 | C4: Гкал/ч | E4: G1 | F4: =B4*1000/(B5-B6) -> 0 | I4: =IF($B$12<12,(IF((L4>4)*AND(L4<16),2,0)),IF((L4>4)*AND(L4<20),2,0)) -> 0 | J4: 15 | K4: =1/POWER(1.14+2*LOG10((J4/1000)/($K$21/1000)),2) -> 0.059655827 | L4: =0.00638*K4*POWER($F$4,2)/(POWER(J4/1000,5)*$K$20) -> 0 | N4: =IF((Q4>4)*AND(Q4<20),1,0) -> #DIV/0! | O4: 15 | P4: =1/POWER(1.14+2*LOG10((O4/1000)/($K$21/1000)),2) -> 0.059655827 | Q4: =0.00638*P4*POWER($F$11,2)/(POWER(O4/1000,5)*$K$20) -> #DIV/0! | R4: =IF((U4>4)*AND(U4<20),1,0) -> 0 | S4: 15 | T4: =1/POWER(1.14+2*LOG10((S4/1000)/($K$21/1000)),2) -> 0.059655827 | U4: =0.00638*T4*POWER($F$16,2)/(POWER(S4/1000,5)*$K$20) -> 0 | W4: ΔPкл | X4: =IF(B12=0,0,IF(B12>12,3,1.8)) -> 3 | Z4: =IF(AB4>$X$5,TRUE,FALSE) -> TRUE | AA4: 15 | AB4: 1.6 | AC4: =IF(AE4>$X$5,TRUE,FALSE) -> TRUE | AD4: 15 | AE4: 1.6 | AF4: =IF(AH4>$X$5,TRUE,FALSE) -> TRUE | AG4: 15 | AH4: 1.6 | AJ4: 4 | AK4: =IF($F$13<AJ4,TRUE,FALSE) -> #DIV/0! | AL4: TOP-SD 32/10 3~ | AM4: =IF($F$13<AJ4,TRUE,FALSE) -> #DIV/0! | AN4: Yonos MAXO-D 32/0,5-11 | AO4: =IF($F$13<AJ4,TRUE,FALSE) -> #DIV/0! | AP4: Stratos-D 32/1-12 | AS4: 0.1 | AT4: =IF($B$4<AS4,TRUE,FALSE) -> TRUE | AU4: НН08 | AV4: =IF($B$4<AS4,TRUE,FALSE) -> TRUE | AW4: 1 | AX4: 0.1 | AY4: =IF($B$4<AX4,TRUE,FALSE) -> TRUE | AZ4: НН08 | BA4: =IF($B$4<AX4,TRUE,FALSE) -> TRUE | BB4: 1 | BC4: 0.14 | BD4: =IF($B$4<BC4,TRUE,FALSE) -> TRUE | BE4: НН08 | BF4: =IF($B$4<BC4,TRUE,FALSE) -> TRUE | BG4: 1 | BH4: 0.05 | BI4: =IF($B$4<BH4,TRUE,FALSE) -> TRUE | BJ4: НН08 | BK4: =IF($B$4<BH4,TRUE,FALSE) -> TRUE | BL4: 1 | BN4: 1 | BO4: Зависимая | BQ4: =IF($F$5=BS4,TRUE,FALSE) -> #N/A | BR4: 01 | BS4: 15 | BU4: =IF($F$7=BX4,TRUE,FALSE) -> FALSE | BV4: 01 | BW4: 15 | BX4: 0.63 | BZ4: =IF($B$14=CB4,TRUE,FALSE) -> FALSE | CA4: 1 | CB4: IMI Hydronic | CD4: =IF($F$12=CF4,TRUE,FALSE) -> #N/A | CE4: 01 | CF4: 15 | CH4: =IF($E$14=CJ4,TRUE,FALSE) -> #N/A | CI4: 1 | CJ4: TOP-SD 32/10 3~ | CK4: =IF($E$14=CM4,TRUE,FALSE) -> #N/A | CL4: 1 | CM4: Yonos MAXO-D 32/0,5-11 | CN4: =IF($E$14=CP4,TRUE,FALSE) -> #N/A | CO4: 1 | CP4: Stratos-D 32/1-12 | CR4: =IF(OR(E14="DPL 80/115-2,2/2",E14="DPL 100/175-3/4"),TRUE,FALSE) -> #N/A | CS4: 5 | CW4: =IF($E$9=CY4,TRUE,FALSE) -> FALSE | CX4: 0 | CY4: отсутствует | DA4: =IF($F$9=DC4,TRUE,FALSE) -> FALSE | DB4: 0 | DC4: отсутствует | DE4: =IF($B$16=DG4,TRUE,FALSE) -> FALSE | DF4: 1 | DG4: Segnetics | DI4: =IF($B$17=DK4,TRUE,FALSE) -> FALSE | DJ4: 1 | DK4: отдельный
A5: Т1 | B5: ='ОЛ(4)'!N13 -> 130 | C5: °С | E5: D1 | F5: =VLOOKUP(2,I4:L17,2,FALSE) -> #N/A | I5: =IF($B$12<12,(IF((L5>4)*AND(L5<16),2,0)),IF((L5>4)*AND(L5<20),2,0)) -> 0 | J5: 20 | K5: =1/POWER(1.14+2*LOG10((J5/1000)/($K$21/1000)),2) -> 0.0529903 | L5: =0.00638*K5*POWER($F$4,2)/(POWER(J5/1000,5)*$K$20) -> 0 | N5: =IF((Q5>4)*AND(Q5<20),1,0) -> #DIV/0! | O5: 20 | P5: =1/POWER(1.14+2*LOG10((O5/1000)/($K$21/1000)),2) -> 0.0529903 | Q5: =0.00638*P5*POWER($F$11,2)/(POWER(O5/1000,5)*$K$20) -> #DIV/0! | R5: =IF((U5>4)*AND(U5<20),1,0) -> 0 | S5: 20 | T5: =1/POWER(1.14+2*LOG10((S5/1000)/($K$21/1000)),2) -> 0.0529903 | U5: =0.00638*T5*POWER($F$16,2)/(POWER(S5/1000,5)*$K$20) -> 0 | W5: Kvрасч | X5: =F4/SQRT(0.1*X4) -> 0 | Z5: =IF(AB5>$X$5,TRUE,FALSE) -> TRUE | AA5: 15 | AB5: 2.5 | AC5: =IF(AE5>$X$5,TRUE,FALSE) -> TRUE | AD5: 15 | AE5: 2.5 | AF5: =IF(AH5>$X$5,TRUE,FALSE) -> TRUE | AG5: 15 | AH5: 2.5 | AJ5: 6 | AK5: =IF($F$13<AJ5,TRUE,FALSE) -> #DIV/0! | AL5: TOP-SD 40/10 3~ | AM5: =IF($F$13<AJ5,TRUE,FALSE) -> #DIV/0! | AN5: Yonos MAXO-D 40/0,5-12 | AO5: =IF($F$13<AJ5,TRUE,FALSE) -> #DIV/0! | AP5: Stratos-D 40/1-12 | AS5: 0.25 | AT5: =IF($B$4<AS5,TRUE,FALSE) -> TRUE | AU5: НН14 | AV5: =IF($B$4<AS5,TRUE,FALSE) -> TRUE | AW5: 1 | AX5: 0.25 | AY5: =IF($B$4<AX5,TRUE,FALSE) -> TRUE | AZ5: НН14 | BA5: =IF($B$4<AX5,TRUE,FALSE) -> TRUE | BB5: 1 | BC5: 0.45 | BD5: =IF($B$4<BC5,TRUE,FALSE) -> TRUE | BE5: НН19 | BF5: =IF($B$4<BC5,TRUE,FALSE) -> TRUE | BG5: 1 | BH5: 0.09 | BI5: =IF($B$4<BH5,TRUE,FALSE) -> TRUE | BJ5: НН20 | BK5: =IF($B$4<BH5,TRUE,FALSE) -> TRUE | BL5: 1 | BN5: 2 | BO5: Независимая | BQ5: =IF($F$5=BS5,TRUE,FALSE) -> #N/A | BR5: 02 | BS5: 20 | BU5: =IF($F$7=BX5,TRUE,FALSE) -> FALSE | BV5: 02 | BW5: 15 | BX5: 1.25 | BZ5: =IF($B$14=CB5,TRUE,FALSE) -> FALSE | CA5: 2 | CB5: Danfoss | CD5: =IF($F$12=CF5,TRUE,FALSE) -> #N/A | CE5: 02 | CF5: 20 | CH5: =IF($E$14=CJ5,TRUE,FALSE) -> #N/A | CI5: 2 | CJ5: TOP-SD 40/10 3~ | CK5: =IF($E$14=CM5,TRUE,FALSE) -> #N/A | CL5: 2 | CM5: Yonos MAXO-D 40/0,5-12 | CN5: =IF($E$14=CP5,TRUE,FALSE) -> #N/A | CO5: 2 | CP5: Stratos-D 40/1-12 | CR5: =IF($B$15=CT5,TRUE,FALSE) -> FALSE | CS5: 1 | CT5: TOP-SD | CW5: =IF($E$9=CY5,TRUE,FALSE) -> TRUE | CX5: 1 | CY5: НН08 | DA5: =IF($F$9=DC5,TRUE,FALSE) -> TRUE | DB5: 1 | DC5: 1 | DE5: =IF($B$16=DG5,TRUE,FALSE) -> FALSE | DF5: 2 | DG5: Danfoss | DI5: =IF($B$17=DK5,TRUE,FALSE) -> FALSE | DJ5: 0 | DK5: Учтен в БОВ-1
A6: Т2 | B6: =IF(OR('ОЛ(4)'!C32="зависимая",'ОЛ(4)'!C32=0),'ОЛ(4)'!R13,IF(('ОЛ(4)'!R13-B8)<5,B8+5,'ОЛ(4)'!R13)) -> 70 | C6: °С | E6: dкл | F6: =VLOOKUP(TRUE,IF(B14="IMI Hydronic",Z4:AB21,IF(B14="Siemens",AC4:AE22,AF4:AH16)),2,FALSE) -> 15 | I6: =IF($B$12<12,(IF((L6>4)*AND(L6<16),2,0)),IF((L6>4)*AND(L6<20),2,0)) -> 0 | J6: 25 | K6: =1/POWER(1.14+2*LOG10((J6/1000)/($K$21/1000)),2) -> 0.048560427 | L6: =0.00638*K6*POWER($F$4,2)/(POWER(J6/1000,5)*$K$20) -> 0 | N6: =IF((Q6>4)*AND(Q6<20),1,0) -> #DIV/0! | O6: 25 | P6: =1/POWER(1.14+2*LOG10((O6/1000)/($K$21/1000)),2) -> 0.048560427 | Q6: =0.00638*P6*POWER($F$11,2)/(POWER(O6/1000,5)*$K$20) -> #DIV/0! | R6: =IF((U6>4)*AND(U6<20),1,0) -> 0 | S6: 25 | T6: =1/POWER(1.14+2*LOG10((S6/1000)/($K$21/1000)),2) -> 0.048560427 | U6: =0.00638*T6*POWER($F$16,2)/(POWER(S6/1000,5)*$K$20) -> 0 | Z6: =IF(AB6>$X$5,TRUE,FALSE) -> TRUE | AA6: 15 | AB6: 4 | AC6: =IF(AE6>$X$5,TRUE,FALSE) -> TRUE | AD6: 15 | AE6: 4 | AF6: =IF(AH6>$X$5,TRUE,FALSE) -> TRUE | AG6: 15 | AH6: 4 | AJ6: 10 | AK6: =IF($F$13<AJ6,TRUE,FALSE) -> #DIV/0! | AL6: TOP-SD 50/10 3~ | AM6: =IF($F$13<AJ6,TRUE,FALSE) -> #DIV/0! | AN6: Yonos MAXO-D 50/0,5-12 | AO6: =IF($F$13<AJ6,TRUE,FALSE) -> #DIV/0! | AP6: Stratos-D 50/1-12 | AS6: 0.67 | AT6: =IF($B$4<AS6,TRUE,FALSE) -> TRUE | AU6: НН19 | AV6: =IF($B$4<AS6,TRUE,FALSE) -> TRUE | AW6: 1 | AX6: 0.575 | AY6: =IF($B$4<AX6,TRUE,FALSE) -> TRUE | AZ6: НН19 | BA6: =IF($B$4<AX6,TRUE,FALSE) -> TRUE | BB6: 1 | BC6: 0.71 | BD6: =IF($B$4<BC6,TRUE,FALSE) -> TRUE | BE6: НН19 | BF6: =IF($B$4<BC6,TRUE,FALSE) -> TRUE | BG6: 2 | BH6: 0.3 | BI6: =IF($B$4<BH6,TRUE,FALSE) -> TRUE | BJ6: НН19 | BK6: =IF($B$4<BH6,TRUE,FALSE) -> TRUE | BL6: 1 | BQ6: =IF($F$5=BS6,TRUE,FALSE) -> #N/A | BR6: 03 | BS6: 25 | BU6: =IF($F$7=BX6,TRUE,FALSE) -> TRUE | BV6: 03 | BW6: 15 | BX6: 1.6 | BZ6: =IF($B$14=CB6,TRUE,FALSE) -> FALSE | CA6: 3 | CB6: Siemens | CD6: =IF($F$12=CF6,TRUE,FALSE) -> #N/A | CE6: 03 | CF6: 25 | CH6: =IF($E$14=CJ6,TRUE,FALSE) -> #N/A | CI6: 3 | CJ6: TOP-SD 50/10 3~ | CK6: =IF($E$14=CM6,TRUE,FALSE) -> #N/A | CL6: 3 | CM6: Yonos MAXO-D 50/0,5-12 | CN6: =IF($E$14=CP6,TRUE,FALSE) -> #N/A | CO6: 3 | CP6: Stratos-D 50/1-12 | CR6: =IF($B$15=CT6,TRUE,FALSE) -> FALSE | CS6: 2 | CT6: Yonos MAXO-D | CW6: =IF($E$9=CY6,TRUE,FALSE) -> FALSE | CX6: 2 | CY6: НН14 | DA6: =IF($F$9=DC6,TRUE,FALSE) -> FALSE | DB6: 2 | DC6: 2 | DE6: =IF($B$16=DG6,TRUE,FALSE) -> FALSE | DF6: 3 | DG6: Siemens
A7: Т11 | B7: ='ОЛ(4)'!N16 -> 0 | C7: °С | E7: Kv | F7: =VLOOKUP(TRUE,IF(B14="IMI Hydronic",Z4:AB21,IF(B14="Siemens",AC4:AE22,AF4:AH16)),3,FALSE) -> 1.6 | I7: =IF($B$12<12,(IF((L7>4)*AND(L7<16),2,0)),IF((L7>4)*AND(L7<20),2,0)) -> 0 | J7: 32 | K7: =1/POWER(1.14+2*LOG10((J7/1000)/($K$21/1000)),2) -> 0.044277322 | L7: =0.00638*K7*POWER($F$4,2)/(POWER(J7/1000,5)*$K$20) -> 0 | N7: =IF((Q7>4)*AND(Q7<20),1,0) -> #DIV/0! | O7: 32 | P7: =1/POWER(1.14+2*LOG10((O7/1000)/($K$21/1000)),2) -> 0.044277322 | Q7: =0.00638*P7*POWER($F$11,2)/(POWER(O7/1000,5)*$K$20) -> #DIV/0! | R7: =IF((U7>4)*AND(U7<20),1,0) -> 0 | S7: 32 | T7: =1/POWER(1.14+2*LOG10((S7/1000)/($K$21/1000)),2) -> 0.044277322 | U7: =0.00638*T7*POWER($F$16,2)/(POWER(S7/1000,5)*$K$20) -> 0 | Z7: =IF(AB7>$X$5,TRUE,FALSE) -> TRUE | AA7: 20 | AB7: 6.3 | AC7: =IF(AE7>$X$5,TRUE,FALSE) -> TRUE | AD7: 20 | AE7: 6.3 | AF7: =IF(AH7>$X$5,TRUE,FALSE) -> TRUE | AG7: 20 | AH7: 6.3 | AJ7: 14 | AK7: =IF($F$13<AJ7,TRUE,FALSE) -> #DIV/0! | AL7: TOP-SD 40/15 3~ | AM7: =IF($F$13<AJ7,TRUE,FALSE) -> #DIV/0! | AN7: Yonos MAXO-D 40/0,5-16 | AO7: =IF($F$13<AJ7,TRUE,FALSE) -> #DIV/0! | AP7: Stratos-D 40/1-16 | AS7: 1 | AT7: =IF($B$4<AS7,TRUE,FALSE) -> TRUE | AU7: НН19 | AV7: =IF($B$4<AS7,TRUE,FALSE) -> TRUE | AW7: 2 | AX7: 0.9 | AY7: =IF($B$4<AX7,TRUE,FALSE) -> TRUE | AZ7: НН19 | BA7: =IF($B$4<AX7,TRUE,FALSE) -> TRUE | BB7: 2 | BC7: 0.95 | BD7: =IF($B$4<BC7,TRUE,FALSE) -> TRUE | BE7: НН19 | BF7: =IF($B$4<BC7,TRUE,FALSE) -> TRUE | BG7: 3 | BH7: 0.48 | BI7: =IF($B$4<BH7,TRUE,FALSE) -> TRUE | BJ7: НН19 | BK7: =IF($B$4<BH7,TRUE,FALSE) -> TRUE | BL7: 2 | BQ7: =IF($F$5=BS7,TRUE,FALSE) -> #N/A | BR7: 04 | BS7: 32 | BU7: =IF($F$7=BX7,TRUE,FALSE) -> FALSE | BV7: 04 | BW7: 15 | BX7: 2.5 | CD7: =IF($F$12=CF7,TRUE,FALSE) -> #N/A | CE7: 04 | CF7: 32 | CH7: =IF($E$14=CJ7,TRUE,FALSE) -> #N/A | CI7: 4 | CJ7: TOP-SD 40/15 3~ | CK7: =IF($E$14=CM7,TRUE,FALSE) -> #N/A | CL7: 4 | CM7: Yonos MAXO-D 40/0,5-16 | CN7: =IF($E$14=CP7,TRUE,FALSE) -> #N/A | CO7: 4 | CP7: Stratos-D 40/1-16 | CR7: =IF($B$15=CT7,TRUE,FALSE) -> FALSE | CS7: 3 | CT7: Stratos-D | CW7: =IF($E$9=CY7,TRUE,FALSE) -> FALSE | CX7: 3 | CY7: НН20 | DA7: =IF($F$9=DC7,TRUE,FALSE) -> FALSE | DB7: 3 | DC7: 3
A8: Т21 | B8: ='ОЛ(4)'!R16 -> 0 | C8: °С | E8: ΔPкл | F8: =(F4^2/F7^2)*10 -> 0 | I8: =IF($B$12<12,(IF((L8>4)*AND(L8<16),2,0)),IF((L8>4)*AND(L8<20),2,0)) -> 0 | J8: 40 | K8: =1/POWER(1.14+2*LOG10((J8/1000)/($K$21/1000)),2) -> 0.040875226 | L8: =0.00638*K8*POWER($F$4,2)/(POWER(J8/1000,5)*$K$20) -> 0 | N8: =IF((Q8>4)*AND(Q8<20),1,0) -> #DIV/0! | O8: 40 | P8: =1/POWER(1.14+2*LOG10((O8/1000)/($K$21/1000)),2) -> 0.040875226 | Q8: =0.00638*P8*POWER($F$11,2)/(POWER(O8/1000,5)*$K$20) -> #DIV/0! | R8: =IF((U8>4)*AND(U8<20),1,0) -> 0 | S8: 40 | T8: =1/POWER(1.14+2*LOG10((S8/1000)/($K$21/1000)),2) -> 0.040875226 | U8: =0.00638*T8*POWER($F$16,2)/(POWER(S8/1000,5)*$K$20) -> 0 | Z8: =IF(AB8>$X$5,TRUE,FALSE) -> TRUE | AA8: 25 | AB8: 10 | AC8: =IF(AE8>$X$5,TRUE,FALSE) -> TRUE | AD8: 25 | AE8: 10 | AF8: =IF(AH8>$X$5,TRUE,FALSE) -> TRUE | AG8: 25 | AH8: 10 | AJ8: 25 | AK8: =IF($F$13<AJ8,TRUE,FALSE) -> #DIV/0! | AL8: TOP-SD 50/15 3~ | AM8: =IF($F$13<AJ8,TRUE,FALSE) -> #DIV/0! | AN8: Yonos MAXO-D 50/0,5-16 | AO8: =IF($F$13<AJ8,TRUE,FALSE) -> #DIV/0! | AP8: Stratos-D 50/1-16 | AS8: 1.25 | AT8: =IF($B$4<AS8,TRUE,FALSE) -> TRUE | AU8: НН19 | AV8: =IF($B$4<AS8,TRUE,FALSE) -> TRUE | AW8: 3 | AX8: 1.16 | AY8: =IF($B$4<AX8,TRUE,FALSE) -> TRUE | AZ8: НН19 | BA8: =IF($B$4<AX8,TRUE,FALSE) -> TRUE | BB8: 3 | BC8: 1.25 | BD8: =IF($B$4<BC8,TRUE,FALSE) -> TRUE | BE8: НН19 | BF8: =IF($B$4<BC8,TRUE,FALSE) -> TRUE | BG8: 4 | BH8: 0.66 | BI8: =IF($B$4<BH8,TRUE,FALSE) -> TRUE | BJ8: НН19 | BK8: =IF($B$4<BH8,TRUE,FALSE) -> TRUE | BL8: 3 | BQ8: =IF($F$5=BS8,TRUE,FALSE) -> #N/A | BR8: 05 | BS8: 40 | BU8: =IF($F$7=BX8,TRUE,FALSE) -> FALSE | BV8: 05 | BW8: 15 | BX8: 4 | CD8: =IF($F$12=CF8,TRUE,FALSE) -> #N/A | CE8: 05 | CF8: 40 | CH8: =IF($E$14=CJ8,TRUE,FALSE) -> #N/A | CI8: 5 | CJ8: TOP-SD 50/15 3~ | CK8: =IF($E$14=CM8,TRUE,FALSE) -> #N/A | CL8: 5 | CM8: Yonos MAXO-D 50/0,5-16 | CN8: =IF($E$14=CP8,TRUE,FALSE) -> #N/A | CO8: 5 | CP8: Stratos-D 50/1-16 | CW8: =IF($E$9=CY8,TRUE,FALSE) -> FALSE | CX8: 4 | CY8: НН19 | DA8: =IF($F$9=DC8,TRUE,FALSE) -> FALSE | DB8: 4 | DC8: 4
A9: Р1 | B9: ='ОЛ(4)'!W13*100 -> 60 | C9: м.в.ст. | E9: =IF('ОЛ(4)'!C32="ЗАВИСИМАЯ","ОТСУТСТВУЕТ",VLOOKUP(TRUE,IF(B5=150,AT4:AU11,IF(B5=130,AY4:AZ11,IF(B5=115,BD4:BE10,IF(B5=105,BI4:BJ13,FALSE)))),2,FALSE)) -> НН08 | F9: =IF('ОЛ(4)'!C32="ЗАВИСИМАЯ","ОТСУТСТВУЕТ",VLOOKUP(TRUE,IF(B5=150,AV4:AW11,IF(B5=130,BA4:BB11,IF(B5=115,BF4:BG10,IF(B5=105,BK4:BL13,FALSE)))),2,FALSE)) -> 1 | I9: =IF($B$12<12,(IF((L9>4)*AND(L9<16),2,0)),IF((L9>4)*AND(L9<20),2,0)) -> 0 | J9: 50 | K9: =1/POWER(1.14+2*LOG10((J9/1000)/($K$21/1000)),2) -> 0.037850687 | L9: =0.00638*K9*POWER($F$4,2)/(POWER(J9/1000,5)*$K$20) -> 0 | N9: =IF((Q9>4)*AND(Q9<20),1,0) -> #DIV/0! | O9: 50 | P9: =1/POWER(1.14+2*LOG10((O9/1000)/($K$21/1000)),2) -> 0.037850687 | Q9: =0.00638*P9*POWER($F$11,2)/(POWER(O9/1000,5)*$K$20) -> #DIV/0! | R9: =IF((U9>4)*AND(U9<20),1,0) -> 0 | S9: 50 | T9: =1/POWER(1.14+2*LOG10((S9/1000)/($K$21/1000)),2) -> 0.037850687 | U9: =0.00638*T9*POWER($F$16,2)/(POWER(S9/1000,5)*$K$20) -> 0 | Z9: =IF(AB9>$X$5,TRUE,FALSE) -> TRUE | AA9: 32 | AB9: 16 | AC9: =IF(AE9>$X$5,TRUE,FALSE) -> TRUE | AD9: 32 | AE9: 16 | AF9: =IF(AH9>$X$5,TRUE,FALSE) -> TRUE | AG9: 32 | AH9: 16 | AJ9: 30 | AK9: =IF($F$13<AJ9,TRUE,FALSE) -> #DIV/0! | AL9: TOP-SD 65/15 3~ | AM9: =IF($F$13<AJ9,TRUE,FALSE) -> #DIV/0! | AN9: Yonos MAXO-D 65/0,5-16 | AO9: =IF($F$13<AJ9,TRUE,FALSE) -> #DIV/0! | AP9: Stratos-D 65/1-12 | AS9: 1.3 | AT9: =IF($B$4<AS9,TRUE,FALSE) -> TRUE | AU9: НН19 | AV9: =IF($B$4<AS9,TRUE,FALSE) -> TRUE | AW9: 4 | AX9: 1.3 | AY9: =IF($B$4<AX9,TRUE,FALSE) -> TRUE | AZ9: НН19 | BA9: =IF($B$4<AX9,TRUE,FALSE) -> TRUE | BB9: 4 | BC9: 1.8 | BD9: =IF($B$4<BC9,TRUE,FALSE) -> TRUE | BE9: НН47 | BF9: =IF($B$4<BC9,TRUE,FALSE) -> TRUE | BG9: 2 | BH9: 0.91 | BI9: =IF($B$4<BH9,TRUE,FALSE) -> TRUE | BJ9: НН19 | BK9: =IF($B$4<BH9,TRUE,FALSE) -> TRUE | BL9: 4 | BQ9: =IF($F$5=BS9,TRUE,FALSE) -> #N/A | BR9: 06 | BS9: 50 | BU9: =IF($F$7=BX9,TRUE,FALSE) -> FALSE | BV9: 06 | BW9: 20 | BX9: 5 | CD9: =IF($F$12=CF9,TRUE,FALSE) -> #N/A | CE9: 06 | CF9: 50 | CH9: =IF($E$14=CJ9,TRUE,FALSE) -> #N/A | CI9: 6 | CJ9: TOP-SD 65/15 3~ | CK9: =IF($E$14=CM9,TRUE,FALSE) -> #N/A | CL9: 6 | CM9: Yonos MAXO-D 65/0,5-16 | CN9: =IF($E$14=CP9,TRUE,FALSE) -> #N/A | CO9: 6 | CP9: Stratos-D 65/1-12 | CW9: =IF($E$9=CY9,TRUE,FALSE) -> FALSE | CX9: 5 | CY9: НН47 | DA9: =IF($F$9=DC9,TRUE,FALSE) -> FALSE | DB9: 5 | DC9: 5
A10: Р2 | B10: ='ОЛ(4)'!AC13*100 -> 40 | C10: м.в.ст. | I10: =IF($B$12<12,(IF((L10>4)*AND(L10<16),2,0)),IF((L10>4)*AND(L10<20),2,0)) -> 0 | J10: 65 | K10: =1/POWER(1.14+2*LOG10((J10/1000)/($K$21/1000)),2) -> 0.034705101 | L10: =0.00638*K10*POWER($F$4,2)/(POWER(J10/1000,5)*$K$20) -> 0 | N10: =IF((Q10>4)*AND(Q10<20),1,0) -> #DIV/0! | O10: 65 | P10: =1/POWER(1.14+2*LOG10((O10/1000)/($K$21/1000)),2) -> 0.034705101 | Q10: =0.00638*P10*POWER($F$11,2)/(POWER(O10/1000,5)*$K$20) -> #DIV/0! | R10: =IF((U10>4)*AND(U10<20),1,0) -> 0 | S10: 65 | T10: =1/POWER(1.14+2*LOG10((S10/1000)/($K$21/1000)),2) -> 0.034705101 | U10: =0.00638*T10*POWER($F$16,2)/(POWER(S10/1000,5)*$K$20) -> 0 | Z10: =IF(AB10>$X$5,TRUE,FALSE) -> TRUE | AA10: 40 | AB10: 20 | AC10: =IF(AE10>$X$5,TRUE,FALSE) -> TRUE | AD10: 40 | AE10: 25 | AF10: =IF(AH10>$X$5,TRUE,FALSE) -> TRUE | AG10: 40 | AH10: 25 | AJ10: 40 | AK10: =IF($F$13<AJ10,TRUE,FALSE) -> #DIV/0! | AL10: TOP-SD 80/15 3~ | AM10: =IF($F$13<AJ10,TRUE,FALSE) -> #DIV/0! | AN10: Yonos MAXO-D 80/0,5-12 | AO10: =IF($F$13<AJ10,TRUE,FALSE) -> #DIV/0! | AP10: Stratos-D 80/1-12 | AS10: 1.65 | AT10: =IF($B$4<AS10,TRUE,FALSE) -> TRUE | AU10: НН47 | AV10: =IF($B$4<AS10,TRUE,FALSE) -> TRUE | AW10: 1 | AX10: 1.4 | AY10: =IF($B$4<AX10,TRUE,FALSE) -> TRUE | AZ10: НН47 | BA10: =IF($B$4<AX10,TRUE,FALSE) -> TRUE | BB10: 1 | BC10: 2.001 | BD10: =IF($B$4<BC10,TRUE,FALSE) -> TRUE | BE10: НН62 | BF10: =IF($B$4<BC10,TRUE,FALSE) -> TRUE | BG10: 1 | BH10: 1.1 | BI10: =IF($B$4<BH10,TRUE,FALSE) -> TRUE | BJ10: НН19 | BK10: =IF($B$4<BH10,TRUE,FALSE) -> TRUE | BL10: 5 | BQ10: =IF($F$5=BS10,TRUE,FALSE) -> #N/A | BR10: 07 | BS10: 65 | BU10: =IF($F$7=BX10,TRUE,FALSE) -> FALSE | BV10: 07 | BW10: 20 | BX10: 6.3 | CD10: =IF($F$12=CF10,TRUE,FALSE) -> #N/A | CE10: 07 | CF10: 65 | CH10: =IF($E$14=CJ10,TRUE,FALSE) -> #N/A | CI10: 7 | CJ10: TOP-SD 80/15 3~ | CK10: =IF($E$14=CM10,TRUE,FALSE) -> #N/A | CL10: 7 | CM10: Yonos MAXO-D 80/0,5-12 | CN10: =IF($E$14=CP10,TRUE,FALSE) -> #N/A | CO10: 7 | CP10: Stratos-D 80/1-12 | CW10: =IF($E$9=CY10,TRUE,FALSE) -> FALSE | CX10: 6 | CY10: НН62
A11: Δpсов | B11: ='ОЛ(4)'!Z16 -> 0 | C11: м.в.ст. | E11: G2 | F11: =B4*1000/(B7-B8) -> #DIV/0! | I11: =IF($B$12<12,(IF((L11>4)*AND(L11<16),2,0)),IF((L11>4)*AND(L11<20),2,0)) -> 0 | J11: 80 | K11: =1/POWER(1.14+2*LOG10((J11/1000)/($K$21/1000)),2) -> 0.032485498 | L11: =0.00638*K11*POWER($F$4,2)/(POWER(J11/1000,5)*$K$20) -> 0 | N11: =IF((Q11>4)*AND(Q11<20),1,0) -> #DIV/0! | O11: 80 | P11: =1/POWER(1.14+2*LOG10((O11/1000)/($K$21/1000)),2) -> 0.032485498 | Q11: =0.00638*P11*POWER($F$11,2)/(POWER(O11/1000,5)*$K$20) -> #DIV/0! | R11: =IF((U11>4)*AND(U11<20),1,0) -> 0 | S11: 80 | T11: =1/POWER(1.14+2*LOG10((S11/1000)/($K$21/1000)),2) -> 0.032485498 | U11: =0.00638*T11*POWER($F$16,2)/(POWER(S11/1000,5)*$K$20) -> 0 | Z11: =IF(AB11>$X$5,TRUE,FALSE) -> TRUE | AA11: 40 | AB11: 25 | AC11: =IF(AE11>$X$5,TRUE,FALSE) -> TRUE | AD11: 50 | AE11: 31.5 | AF11: =IF(AH11>$X$5,TRUE,FALSE) -> TRUE | AG11: 50 | AH11: 40 | AJ11: 50 | AK11: =IF($F$13<AJ11,TRUE,FALSE) -> #DIV/0! | AL11: TOP-SD 80/20 3~ | AM11: =IF($F$13<AJ11,TRUE,FALSE) -> #DIV/0! | AN11: DPL 80/115-2,2/2 | AO11: =IF($F$13<AJ11,TRUE,FALSE) -> #DIV/0! | AP11: DPL 80/115-2,2/2 | AS11: 2.001 | AT11: =IF($B$4<AS11,TRUE,FALSE) -> TRUE | AU11: НН47 | AV11: =IF($B$4<AS11,TRUE,FALSE) -> TRUE | AW11: 2 | AX11: 2.001 | AY11: =IF($B$4<AX11,TRUE,FALSE) -> TRUE | AZ11: НН47 | BA11: =IF($B$4<AX11,TRUE,FALSE) -> TRUE | BB11: 2 | BH11: 1.3 | BI11: =IF($B$4<BH11,TRUE,FALSE) -> TRUE | BJ11: НН47 | BK11: =IF($B$4<BH11,TRUE,FALSE) -> TRUE | BL11: 2 | BQ11: =IF($F$5=BS11,TRUE,FALSE) -> #N/A | BR11: 08 | BS11: 80 | BU11: =IF($F$7=BX11,TRUE,FALSE) -> FALSE | BV11: 08 | BW11: 25 | BX11: 8 | CD11: =IF($F$12=CF11,TRUE,FALSE) -> #N/A | CE11: 08 | CF11: 80 | CH11: =IF($E$14=CJ11,TRUE,FALSE) -> #N/A | CI11: 8 | CJ11: TOP-SD 80/20 3~
A12: ΔPтс | B12: =B9-B10 -> 20 | C12: м.в.ст. | E12: D2 | F12: =VLOOKUP(1,N4:Q17,2,FALSE) -> #N/A | I12: =IF($B$12<12,(IF((L12>4)*AND(L12<16),2,0)),IF((L12>4)*AND(L12<20),2,0)) -> 0 | J12: 100 | K12: =1/POWER(1.14+2*LOG10((J12/1000)/($K$21/1000)),2) -> 0.030329451 | L12: =0.00638*K12*POWER($F$4,2)/(POWER(J12/1000,5)*$K$20) -> 0 | N12: =IF((Q12>4)*AND(Q12<20),1,0) -> #DIV/0! | O12: 100 | P12: =1/POWER(1.14+2*LOG10((O12/1000)/($K$21/1000)),2) -> 0.030329451 | Q12: =0.00638*P12*POWER($F$11,2)/(POWER(O12/1000,5)*$K$20) -> #DIV/0! | R12: =IF((U12>4)*AND(U12<20),1,0) -> 0 | S12: 100 | T12: =1/POWER(1.14+2*LOG10((S12/1000)/($K$21/1000)),2) -> 0.030329451 | U12: =0.00638*T12*POWER($F$16,2)/(POWER(S12/1000,5)*$K$20) -> 0 | Z12: =IF(AB12>$X$5,TRUE,FALSE) -> TRUE | AA12: 50 | AB12: 31.5 | AC12: =IF(AE12>$X$5,TRUE,FALSE) -> TRUE | AD12: 50 | AE12: 40 | AF12: =IF(AH12>$X$5,TRUE,FALSE) -> TRUE | AG12: 65 | AH12: 63 | AJ12: 60 | AK12: =IF($F$13<AJ12,TRUE,FALSE) -> #DIV/0! | AL12: DPL 80/115-2,2/2 | AM12: =IF($F$13<AJ12,TRUE,FALSE) -> #DIV/0! | AN12: DPL 80/115-2,2/2 | AO12: =IF($F$13<AJ12,TRUE,FALSE) -> #DIV/0! | AP12: DPL 80/115-2,2/2 | BH12: 1.45 | BI12: =IF($B$4<BH12,TRUE,FALSE) -> TRUE | BJ12: НН62 | BK12: =IF($B$4<BH12,TRUE,FALSE) -> TRUE | BL12: 1 | BQ12: =IF($F$5=BS12,TRUE,FALSE) -> #N/A | BR12: 09 | BS12: 100 | BU12: =IF($F$7=BX12,TRUE,FALSE) -> FALSE | BV12: 09 | BW12: 25 | BX12: 10 | CD12: =IF($F$12=CF12,TRUE,FALSE) -> #N/A | CE12: 09 | CF12: 100 | CH12: =IF($E$14=CJ12,TRUE,FALSE) -> #N/A
E13: Gнас | F13: =F11*1.1 -> #DIV/0! | I13: =IF($B$12<12,(IF((L13>4)*AND(L13<16),2,0)),IF((L13>4)*AND(L13<20),2,0)) -> 0 | J13: 125 | K13: =1/POWER(1.14+2*LOG10((J13/1000)/($K$21/1000)),2) -> 0.028381136 | L13: =0.00638*K13*POWER($F$4,2)/(POWER(J13/1000,5)*$K$20) -> 0 | N13: =IF((Q13>4)*AND(Q13<20),1,0) -> #DIV/0! | O13: 125 | P13: =1/POWER(1.14+2*LOG10((O13/1000)/($K$21/1000)),2) -> 0.028381136 | Q13: =0.00638*P13*POWER($F$11,2)/(POWER(O13/1000,5)*$K$20) -> #DIV/0! | R13: =IF((U13>4)*AND(U13<20),1,0) -> 0 | S13: 125 | T13: =1/POWER(1.14+2*LOG10((S13/1000)/($K$21/1000)),2) -> 0.028381136 | U13: =0.00638*T13*POWER($F$16,2)/(POWER(S13/1000,5)*$K$20) -> 0 | Z13: =IF(AB13>$X$5,TRUE,FALSE) -> TRUE | AA13: 50 | AB13: 40 | AC13: =IF(AE13>$X$5,TRUE,FALSE) -> TRUE | AD13: 65 | AE13: 50 | AF13: =IF(AH13>$X$5,TRUE,FALSE) -> TRUE | AG13: 80 | AH13: 100 | AJ13: 90 | AK13: =IF($F$13<AJ13,TRUE,FALSE) -> #DIV/0! | AL13: DPL 100/175-3/4 | AM13: =IF($F$13<AJ13,TRUE,FALSE) -> #DIV/0! | AN13: DPL 100/175-3/4 | AO13: =IF($F$13<AJ13,TRUE,FALSE) -> #DIV/0! | AP13: DPL 100/175-3/4 | BH13: 2.001 | BI13: =IF($B$4<BH13,TRUE,FALSE) -> TRUE | BJ13: НН62 | BK13: =IF($B$4<BH13,TRUE,FALSE) -> TRUE | BL13: 2 | BQ13: =IF($F$5=BS13,TRUE,FALSE) -> #N/A | BR13: 10 | BS13: 125 | BU13: =IF($F$7=BX13,TRUE,FALSE) -> FALSE | BV13: 10 | BW13: 32 | BX13: 12.5 | CD13: =IF($F$12=CF13,TRUE,FALSE) -> #N/A | CE13: 10 | CF13: 125 | CH13: =IF($E$14=CJ13,TRUE,FALSE) -> #N/A | CI13: 10 | CJ13: DPL 80/115-2,2/2 | CK13: =IF($E$14=CM13,TRUE,FALSE) -> #N/A | CL13: 10 | CM13: DPL 80/115-2,2/2 | CN13: =IF($E$14=CP13,TRUE,FALSE) -> #N/A | CO13: 10 | CP13: DPL 80/115-2,2/2
A14: Клапан | B14: ='ОЛ(4)'!O32 -> 0 | E14: =VLOOKUP(TRUE,IF(B15="TOP-SD",AK4:AL13,IF(B15="Yonos MAXO-D",AM4:AN13,IF(B15="Stratos-D",AO4:AP13,FALSE))),2,FALSE) -> #N/A | I14: =IF($B$12<12,(IF((L14>4)*AND(L14<16),2,0)),IF((L14>4)*AND(L14<20),2,0)) -> 0 | J14: 150 | K14: =1/POWER(1.14+2*LOG10((J14/1000)/($K$21/1000)),2) -> 0.026925299 | L14: =0.00638*K14*POWER($F$4,2)/(POWER(J14/1000,5)*$K$20) -> 0 | N14: =IF((Q14>4)*AND(Q14<20),1,0) -> #DIV/0! | O14: 150 | P14: =1/POWER(1.14+2*LOG10((O14/1000)/($K$21/1000)),2) -> 0.026925299 | Q14: =0.00638*P14*POWER($F$11,2)/(POWER(O14/1000,5)*$K$20) -> #DIV/0! | R14: =IF((U14>4)*AND(U14<20),1,0) -> 0 | S14: 150 | T14: =1/POWER(1.14+2*LOG10((S14/1000)/($K$21/1000)),2) -> 0.026925299 | U14: =0.00638*T14*POWER($F$16,2)/(POWER(S14/1000,5)*$K$20) -> 0 | Z14: =IF(AB14>$X$5,TRUE,FALSE) -> TRUE | AA14: 65 | AB14: 50 | AC14: =IF(AE14>$X$5,TRUE,FALSE) -> TRUE | AD14: 65 | AE14: 63 | AF14: =IF(AH14>$X$5,TRUE,FALSE) -> TRUE | AG14: 100 | AH14: 160 | BQ14: =IF($F$5=BS14,TRUE,FALSE) -> #N/A | BR14: 11 | BS14: 150 | BU14: =IF($F$7=BX14,TRUE,FALSE) -> FALSE | BV14: 11 | BW14: 32 | BX14: 16 | CD14: =IF($F$12=CF14,TRUE,FALSE) -> #N/A | CE14: 11 | CF14: 150 | CH14: =IF($E$14=CJ14,TRUE,FALSE) -> #N/A | CI14: 11 | CJ14: DPL 100/175-3/4 | CK14: =IF($E$14=CM14,TRUE,FALSE) -> #N/A | CL14: 11 | CM14: DPL 100/175-3/4 | CN14: =IF($E$14=CP14,TRUE,FALSE) -> #N/A | CO14: 11 | CP14: DPL 100/175-3/4
A15: Насос | B15: ='ОЛ(4)'!I32 -> 0 | I15: =IF($B$12<12,(IF((L15>4)*AND(L15<16),2,0)),IF((L15>4)*AND(L15<20),2,0)) -> 0 | J15: 200 | K15: =1/POWER(1.14+2*LOG10((J15/1000)/($K$21/1000)),2) -> 0.024846043 | L15: =0.00638*K15*POWER($F$4,2)/(POWER(J15/1000,5)*$K$20) -> 0 | N15: =IF((Q15>4)*AND(Q15<20),1,0) -> #DIV/0! | O15: 200 | P15: =1/POWER(1.14+2*LOG10((O15/1000)/($K$21/1000)),2) -> 0.024846043 | Q15: =0.00638*P15*POWER($F$11,2)/(POWER(O15/1000,5)*$K$20) -> #DIV/0! | R15: =IF((U15>4)*AND(U15<20),1,0) -> 0 | S15: 200 | T15: =1/POWER(1.14+2*LOG10((S15/1000)/($K$21/1000)),2) -> 0.024846043 | U15: =0.00638*T15*POWER($F$16,2)/(POWER(S15/1000,5)*$K$20) -> 0 | Z15: =IF(AB15>$X$5,TRUE,FALSE) -> TRUE | AA15: 65 | AB15: 63 | AC15: =IF(AE15>$X$5,TRUE,FALSE) -> TRUE | AD15: 80 | AE15: 80 | AF15: =IF(AH15>$X$5,TRUE,FALSE) -> TRUE | AG15: 125 | AH15: 250 | BQ15: =IF($F$5=BS15,TRUE,FALSE) -> #N/A | BR15: 12 | BS15: 200 | BU15: =IF($F$7=BX15,TRUE,FALSE) -> FALSE | BV15: 12 | BW15: 40 | BX15: 20 | CD15: =IF($F$12=CF15,TRUE,FALSE) -> #N/A | CE15: 12 | CF15: 200
A16: Контр. | B16: ='ОЛ(4)'!U32 -> 0 | E16: Gп | F16: =IF(B18="Отопление",11.7,IF(B18="Вентиляция",8.6,30))*B4/6 -> 0 | I16: =IF($B$12<12,(IF((L16>4)*AND(L16<16),2,0)),IF((L16>4)*AND(L16<20),2,0)) -> 0 | J16: 250 | K16: =1/POWER(1.14+2*LOG10((J16/1000)/($K$21/1000)),2) -> 0.023394735 | L16: =0.00638*K16*POWER($F$4,2)/(POWER(J16/1000,5)*$K$20) -> 0 | N16: =IF((Q16>4)*AND(Q16<20),1,0) -> #DIV/0! | O16: 250 | P16: =1/POWER(1.14+2*LOG10((O16/1000)/($K$21/1000)),2) -> 0.023394735 | Q16: =0.00638*P16*POWER($F$11,2)/(POWER(O16/1000,5)*$K$20) -> #DIV/0! | R16: =IF((U16>4)*AND(U16<20),1,0) -> 0 | S16: 250 | T16: =1/POWER(1.14+2*LOG10((S16/1000)/($K$21/1000)),2) -> 0.023394735 | U16: =0.00638*T16*POWER($F$16,2)/(POWER(S16/1000,5)*$K$20) -> 0 | Z16: =IF(AB16>$X$5,TRUE,FALSE) -> TRUE | AA16: 80 | AB16: 80 | AC16: =IF(AE16>$X$5,TRUE,FALSE) -> TRUE | AD16: 80 | AE16: 100 | AF16: =IF(AH16>$X$5,TRUE,FALSE) -> TRUE | AG16: 150 | AH16: 400 | BU16: =IF($F$7=BX16,TRUE,FALSE) -> FALSE | BV16: 13 | BW16: 40 | BX16: 25
A17: ША | B17: ='ОЛ(4)'!AA32 -> 0 | E17: Dп | F17: =VLOOKUP(1,R4:U17,2,FALSE) -> #N/A | I17: =IF($B$12<12,(IF((L17>4)*AND(L17<16),2,0)),IF((L17>4)*AND(L17<20),2,0)) -> 0 | J17: 300 | K17: =1/POWER(1.14+2*LOG10((J17/1000)/($K$21/1000)),2) -> 0.022301284 | L17: =0.00638*K17*POWER($F$4,2)/(POWER(J17/1000,5)*$K$20) -> 0 | N17: =IF((Q17>4)*AND(Q17<20),1,0) -> #DIV/0! | O17: 300 | P17: =1/POWER(1.14+2*LOG10((O17/1000)/($K$21/1000)),2) -> 0.022301284 | Q17: =0.00638*P17*POWER($F$11,2)/(POWER(O17/1000,5)*$K$20) -> #DIV/0! | R17: =IF((U17>4)*AND(U17<20),1,0) -> 0 | S17: 300 | T17: =1/POWER(1.14+2*LOG10((S17/1000)/($K$21/1000)),2) -> 0.022301284 | U17: =0.00638*T17*POWER($F$16,2)/(POWER(S17/1000,5)*$K$20) -> 0 | Z17: =IF(AB17>$X$5,TRUE,FALSE) -> TRUE | AA17: 80 | AB17: 100 | AC17: =IF(AE17>$X$5,TRUE,FALSE) -> TRUE | AD17: 100 | AE17: 125 | BU17: =IF($F$7=BX17,TRUE,FALSE) -> FALSE | BV17: 14 | BW17: 50 | BX17: 31.5
A18: Система | B18: ='ОЛ(4)'!A16 -> Отопление | Z18: =IF(AB18>$X$5,TRUE,FALSE) -> TRUE | AA18: 100 | AB18: 125 | AC18: =IF(AE18>$X$5,TRUE,FALSE) -> TRUE | AD18: 100 | AE18: 160 | BU18: =IF($F$7=BX18,TRUE,FALSE) -> FALSE | BV18: 15 | BW18: 50 | BX18: 40
Z19: =IF(AB19>$X$5,TRUE,FALSE) -> TRUE | AA19: 100 | AB19: 160 | AC19: =IF(AE19>$X$5,TRUE,FALSE) -> TRUE | AD19: 125 | AE19: 200 | BU19: =IF($F$7=BX19,TRUE,FALSE) -> FALSE | BV19: 16 | BW19: 65 | BX19: 50
J20: g | K20: 958.4 | Z20: =IF(AB20>$X$5,TRUE,FALSE) -> TRUE | AA20: 125 | AB20: 250 | AC20: =IF(AE20>$X$5,TRUE,FALSE) -> TRUE | AD20: 125 | AE20: 250 | BU20: =IF($F$7=BX20,TRUE,FALSE) -> FALSE | BV20: 17 | BW20: 65 | BX20: 63
J21: kэ | K21: 0.5 | Z21: =IF(AB21>$X$5,TRUE,FALSE) -> TRUE | AA21: 150 | AB21: 315 | AC21: =IF(AE21>$X$5,TRUE,FALSE) -> TRUE | AD21: 150 | AE21: 315 | BU21: =IF($F$7=BX21,TRUE,FALSE) -> FALSE | BV21: 18 | BW21: 80 | BX21: 80
AC22: =IF(AE22>$X$5,TRUE,FALSE) -> TRUE | AD22: 150 | AE22: 400 | BU22: =IF($F$7=BX22,TRUE,FALSE) -> FALSE | BV22: 19 | BW22: 80 | BX22: 100
BU23: =IF($F$7=BX23,TRUE,FALSE) -> FALSE | BV23: 20 | BW23: 100 | BX23: 125
BU24: =IF($F$7=BX24,TRUE,FALSE) -> FALSE | BV24: 21 | BW24: 100 | BX24: 160
BU25: =IF($F$7=BX25,TRUE,FALSE) -> FALSE | BV25: 22 | BW25: 125 | BX25: 250
BU26: =IF($F$7=BX26,TRUE,FALSE) -> FALSE | BV26: 23 | BW26: 150 | BX26: 315

Sheet Лист3
C2: БОВ | D2: - | E2: Х1 | F2: - | G2: Х2 | H2: - | I2: Х3 | J2: . | K2: Х4 | L2: - | M2: Х5 | N2: - | O2: Х6 | P2: . | Q2: Х7 | R2: - | S2: Х8 | T2: - | U2: Х9 | V2: - | W2: Х10 | Y2: Х1 | AB2: Х2 | AE2: Х3 | AI2: Х4 | AL2: Х5 | AO2: Х6 | AR2: Х7 | AW2: Х8 | AZ2: Х9 | BC2: Х10 | BG2: Х11
Y3: № | Z3: Схема | AB3: № | AC3: Ду | AE3: № | AF3: Ду | AG3: Kv | AI3: № | AJ3: Производитель | AL3: № | AM3: Ду | AO3: № | AP3: Тип насоса | AR3: № | AS3: Тип насоса | AT3: Тип насоса | AU3: Тип насоса | AW3: № | AX3: Тип ТО | AZ3: № | BA3: Рама ТО | BC3: № | BD3: Контролл. | BG3: № | BH3: ША
Y4: 1 | Z4: Зависимая | AB4: 01 | AC4: 15 | AE4: 01 | AF4: 15 | AG4: 0.63 | AI4: 1 | AJ4: IMI Hydronic | AL4: 01 | AM4: 15 | AO4: 1 | AP4: TOP-SD | AR4: 1 | AS4: TOP-SD 32/10 3~ | AT4: Yonos MAXO-D 32/0,5-11 | AU4: Stratos-D 32/1-12 | AW4: 0 | AX4: отсутствует | AZ4: 1 | BA4: 1 | BC4: 1 | BD4: Segnetics | BG4: 0 | BH4: отсутствует
Y5: 2 | Z5: Независимая | AB5: 02 | AC5: 20 | AE5: 02 | AF5: 15 | AG5: 1.25 | AI5: 2 | AJ5: Danfoss | AL5: 02 | AM5: 20 | AO5: 2 | AP5: Yonos-MAXO-D | AR5: 2 | AS5: TOP-SD 40/10 3~ | AT5: Yonos MAXO-D 40/0,5-12 | AU5: Stratos-D 40/1-12 | AW5: 1 | AX5: НН08 | AZ5: 2 | BA5: 2 | BC5: 2 | BD5: Danfoss | BG5: 1 | BH5: на блоке
AB6: 03 | AC6: 25 | AE6: 03 | AF6: 15 | AG6: 1.6 | AI6: 3 | AJ6: Siemens | AL6: 03 | AM6: 25 | AO6: 3 | AP6: Stratos-D | AR6: 3 | AS6: TOP-SD 50/10 3~ | AT6: Yonos MAXO-D 50/0,5-12 | AU6: Stratos-D 50/1-12 | AW6: 2 | AX6: НН14 | AZ6: 3 | BA6: 3 | BC6: 3 | BD6: Siemens
AB7: 04 | AC7: 32 | AE7: 04 | AF7: 15 | AG7: 2.5 | AL7: 04 | AM7: 32 | AR7: 4 | AS7: TOP-SD 40/15 3~ | AT7: Yonos MAXO-D 40/0,5-16 | AU7: Stratos-D 40/1-16 | AW7: 3 | AX7: НН20 | AZ7: 4 | BA7: 4
AB8: 05 | AC8: 40 | AE8: 05 | AF8: 15 | AG8: 4 | AL8: 05 | AM8: 40 | AR8: 5 | AS8: TOP-SD 50/15 3~ | AT8: Yonos MAXO-D 50/0,5-16 | AU8: Stratos-D 50/1-16 | AW8: 4 | AX8: НН19 | AZ8: 5 | BA8: 5
AB9: 06 | AC9: 50 | AE9: 06 | AF9: 20 | AG9: 5 | AL9: 06 | AM9: 50 | AR9: 6 | AS9: TOP-SD 65/15 3~ | AT9: Yonos MAXO-D 65/0,5-16 | AU9: Stratos-D 65/1-12 | AW9: 5 | AX9: НН47
AB10: 07 | AC10: 65 | AE10: 07 | AF10: 20 | AG10: 6.3 | AL10: 07 | AM10: 65 | AR10: 7 | AS10: TOP-SD 80/15 3~ | AT10: Yonos MAXO-D 80/0,5-12 | AU10: Stratos-D 80/1-12 | AW10: 6 | AX10: НН62
AB11: 08 | AC11: 80 | AE11: 08 | AF11: 25 | AG11: 8 | AL11: 08 | AM11: 80 | AR11: 8 | AS11: TOP-SD 80/20 3~
AB12: 09 | AC12: 100 | AE12: 09 | AF12: 25 | AG12: 10 | AL12: 09 | AM12: 100
AB13: 10 | AC13: 125 | AE13: 10 | AF13: 32 | AG13: 12.5 | AL13: 10 | AM13: 125
AB14: 11 | AC14: 150 | AE14: 11 | AF14: 32 | AG14: 16 | AL14: 11 | AM14: 150
AB15: 12 | AC15: 200 | AE15: 12 | AF15: 40 | AG15: 20 | AL15: 12 | AM15: 200
AE16: 13 | AF16: 40 | AG16: 25
AE17: 14 | AF17: 50 | AG17: 31.5
AE18: 15 | AF18: 50 | AG18: 40
AE19: 16 | AF19: 65 | AG19: 50
AE20: 17 | AF20: 65 | AG20: 63
AE21: 18 | AF21: 80 | AG21: 80
AE22: 19 | AF22: 80 | AG22: 100
AE23: 20 | AF23: 100 | AG23: 125
AE24: 21 | AF24: 100 | AG24: 160
AE25: 22 | AF25: 125 | AG25: 250
AE26: 23 | AF26: 150 | AG26: 315

Sheet БГ
B2: БГ | I2: Диаметр трубопровода | W2: Клапан | AJ2: Насос Wilo | AP2: Счетчик ХВС | AT2: Теплообменник | AY2: Х1 | BC2: Х2 | BG2: Х3 | BL2: Х4 | BP2: Х5 | BT2: Х6 | BX2: Х7 | CB2: Х8 | CF2: Х9 | CJ2: Х10 | CP2: Х11 | CU2: Х12 | CY2: Х13 | DC2: Х14
J3: D1 | K3: l | L3: h | O3: D3 | P3: l | Q3: h | S3: D4 | T3: l | U3: h | W3: IMI Hydronic | X3: Siemens | Y3: Danfoss | Z3: IMI Hydronic | AC3: Siemens | AF3: Danfoss | AJ3: Gнас | AP3: =IF($F$11<AQ3,TRUE,FALSE) -> TRUE | AQ3: 2 | AR3: "Пульсар" 15 | AT3: 0.066 | AU3: =IF($B$4<AT3,TRUE,FALSE) -> TRUE | AV3: НН08-16/1 | AY3: № | AZ3: Схема | BB3: Т1 | BC3: № | BD3: Ду | BF3: Клапан | BG3: № | BH3: Ду | BI3: Kv | BK3: Клапан | BL3: № | BM3: Производитель | BO3: Т2' | BP3: № | BQ3: Ду | BS3: Т2 | BT3: № | BU3: Ду | BW3: Т3 | BX3: № | BY3: Ду | CA3: Т4 | CB3: № | CC3: Ду | CE3: Счетчик | CF3: № | CG3: Ду | CJ3: № | CK3: Тип насоса | CN3: Тип насоса | CQ3: № | CR3: Тип насоса | CV3: № | CW3: Тип ТО | CZ3: № | DA3: Контролл. | DD3: № | DE3: ША
A4: Q | B4: =IF('ОЛ(4)'!D37=1,'ОЛ(4)'!C17,0) -> 0 | C4: Гкал/ч | E4: G1 | F4: =B4*1000/(B5-B6) -> 0 | I4: =IF($B$11<12,(IF((L4>4)*AND(L4<16),2,0)),IF((L4>4)*AND(L4<20),2,0)) -> 0 | J4: 15 | K4: =1/POWER(1.14+2*LOG10((J4/1000)/($K$21/1000)),2) -> 0.059655827 | L4: =0.00638*K4*POWER($F$4,2)/(POWER(J4/1000,5)*$K$20) -> 0 | N4: =IF((Q4>4)*AND(Q4<16),1,0) -> 0 | O4: 15 | P4: =1/POWER(1.14+2*LOG10((O4/1000)/($K$21/1000)),2) -> 0.059655827 | Q4: =0.00638*P4*POWER($F$11,2)/(POWER(O4/1000,5)*$K$20) -> 0 | R4: =N4 -> 0 | S4: 15 | W4: ΔPкл | X4: =IF(B11>12,3,1.8) -> 3 | Z4: =IF(AB4>$X$5,TRUE,FALSE) -> TRUE | AA4: 15 | AB4: 1.6 | AC4: =IF(AE4>$X$5,TRUE,FALSE) -> TRUE | AD4: 15 | AE4: 1.6 | AF4: =IF(AH4>$X$5,TRUE,FALSE) -> TRUE | AG4: 15 | AH4: 1.6 | AJ4: 1.5 | AK4: =IF($F$17<AJ4,TRUE,FALSE) -> TRUE | AL4: Stratos-Z 25/1-8 | AM4: =IF($F$17<AJ4,TRUE,FALSE) -> TRUE | AN4: Yonos MAXO-Z 25/0,5-7 | AP4: =IF($F$11<AQ4,TRUE,FALSE) -> TRUE | AQ4: 3 | AR4: "Пульсар" 20 | AT4: 0.375 | AU4: =IF($B$4<AT4,TRUE,FALSE) -> TRUE | AV4: НН19-16/1 | AY4: 1 | AZ4: Параллельная | BB4: =IF($F$5=BD4,TRUE,FALSE) -> #N/A | BC4: 01 | BD4: 15 | BF4: =IF($F$7=BI4,TRUE,FALSE) -> FALSE | BG4: 01 | BH4: 15 | BI4: 0.63 | BK4: =IF($B$14=BM4,TRUE,FALSE) -> FALSE | BL4: 1 | BM4: IMI Hydronic | BO4: =IF($F$5=BQ4,TRUE,FALSE) -> #N/A | BP4: 0 | BQ4: 15 | BS4: =IF($F$5=BU4,TRUE,FALSE) -> #N/A | BT4: 0 | BU4: 15 | BW4: =IF($F$12=BY4,TRUE,FALSE) -> #N/A | BX4: 01 | BY4: 15 | CA4: =IF($F$16=CC4,TRUE,FALSE) -> #N/A | CB4: 01 | CC4: 15 | CE4: =IF($E$13=CG4,TRUE,FALSE) -> TRUE | CF4: 1 | CG4: "Пульсар" 15 | CI4: =IF($E$18=CK4,TRUE,FALSE) -> #N/A | CJ4: 1 | CK4: Stratos-Z 25/1-8 | CL4: =IF($E$18=CN4,TRUE,FALSE) -> #N/A | CM4: 1 | CN4: Yonos MAXO-Z 25/0,5-7 | CY4: =IF($B$16=DA4,TRUE,FALSE) -> FALSE | CZ4: 1 | DA4: Segnetics | DC4: =IF($B$17=DE4,TRUE,FALSE) -> FALSE | DD4: 1 | DE4: отдельный
A5: Т1 | B5: 70 | C5: °С | E5: D1 | F5: =VLOOKUP(2,I4:L17,2,FALSE) -> #N/A | I5: =IF($B$11<12,(IF((L5>4)*AND(L5<16),2,0)),IF((L5>4)*AND(L5<20),2,0)) -> 0 | J5: 20 | K5: =1/POWER(1.14+2*LOG10((J5/1000)/($K$21/1000)),2) -> 0.0529903 | L5: =0.00638*K5*POWER($F$4,2)/(POWER(J5/1000,5)*$K$20) -> 0 | N5: =IF((Q5>4)*AND(Q5<16),1,0) -> 0 | O5: 20 | P5: =1/POWER(1.14+2*LOG10((O5/1000)/($K$21/1000)),2) -> 0.0529903 | Q5: =0.00638*P5*POWER($F$11,2)/(POWER(O5/1000,5)*$K$20) -> 0 | R5: =N5 -> 0 | S5: 15 | W5: Kvрасч | X5: =F4/SQRT(0.1*X4) -> 0 | Z5: =IF(AB5>$X$5,TRUE,FALSE) -> TRUE | AA5: 15 | AB5: 2.5 | AC5: =IF(AE5>$X$5,TRUE,FALSE) -> TRUE | AD5: 15 | AE5: 2.5 | AF5: =IF(AH5>$X$5,TRUE,FALSE) -> TRUE | AG5: 15 | AH5: 2.5 | AJ5: 4 | AK5: =IF($F$17<AJ5,TRUE,FALSE) -> TRUE | AL5: Stratos-Z 32/1-12 | AM5: =IF($F$17<AJ5,TRUE,FALSE) -> TRUE | AN5: Yonos MAXO-Z 25/0,5-10 | AP5: =IF($F$11<AQ5,TRUE,FALSE) -> TRUE | AQ5: 5 | AR5: "Пульсар" М 25 | AT5: 0.61 | AU5: =IF($B$4<AT5,TRUE,FALSE) -> TRUE | AV5: НН19-16/2 | AY5: 2 | AZ5: Смешанная | BB5: =IF($F$5=BD5,TRUE,FALSE) -> #N/A | BC5: 02 | BD5: 20 | BF5: =IF($F$7=BI5,TRUE,FALSE) -> FALSE | BG5: 02 | BH5: 15 | BI5: 1.25 | BK5: =IF($B$14=BM5,TRUE,FALSE) -> FALSE | BL5: 2 | BM5: Danfoss | BO5: =IF($F$5=BQ5,TRUE,FALSE) -> #N/A | BP5: 0 | BQ5: 20 | BS5: =IF($F$5=BU5,TRUE,FALSE) -> #N/A | BT5: 0 | BU5: 20 | BW5: =IF($F$12=BY5,TRUE,FALSE) -> #N/A | BX5: 02 | BY5: 20 | CA5: =IF($F$16=CC5,TRUE,FALSE) -> #N/A | CB5: 02 | CC5: 20 | CE5: =IF($E$13=CG5,TRUE,FALSE) -> FALSE | CF5: 2 | CG5: "Пульсар" 20 | CI5: =IF($E$18=CK5,TRUE,FALSE) -> #N/A | CL5: =IF($E$18=CN5,TRUE,FALSE) -> #N/A | CM5: 2 | CN5: Yonos MAXO-Z 25/0,5-10 | CP5: =IF($B$15=CR5,TRUE,FALSE) -> FALSE | CQ5: 1 | CR5: Yonos MAXO-Z | CU5: =IF($E$9=CW5,TRUE,FALSE) -> TRUE | CV5: 01 | CW5: НН08-16/1 | CY5: =IF($B$16=DA5,TRUE,FALSE) -> FALSE | CZ5: 2 | DA5: Danfoss | DC5: =IF($B$17=DE5,TRUE,FALSE) -> FALSE | DD5: 0 | DE5: Учтен в БОВ-1
A6: Т2 | B6: 30 | C6: °С | E6: dкл | F6: =VLOOKUP(TRUE,IF(B14="IMI Hydronic",Z4:AB21,IF(B14="Siemens",AC4:AE22,AF4:AH16)),2,FALSE) -> 15 | I6: =IF($B$11<12,(IF((L6>4)*AND(L6<16),2,0)),IF((L6>4)*AND(L6<20),2,0)) -> 0 | J6: 25 | K6: =1/POWER(1.14+2*LOG10((J6/1000)/($K$21/1000)),2) -> 0.048560427 | L6: =0.00638*K6*POWER($F$4,2)/(POWER(J6/1000,5)*$K$20) -> 0 | N6: =IF((Q6>4)*AND(Q6<16),1,0) -> 0 | O6: 25 | P6: =1/POWER(1.14+2*LOG10((O6/1000)/($K$21/1000)),2) -> 0.048560427 | Q6: =0.00638*P6*POWER($F$11,2)/(POWER(O6/1000,5)*$K$20) -> 0 | R6: =N6 -> 0 | S6: 20 | Z6: =IF(AB6>$X$5,TRUE,FALSE) -> TRUE | AA6: 15 | AB6: 4 | AC6: =IF(AE6>$X$5,TRUE,FALSE) -> TRUE | AD6: 15 | AE6: 4 | AF6: =IF(AH6>$X$5,TRUE,FALSE) -> TRUE | AG6: 15 | AH6: 4 | AJ6: 6 | AK6: =IF($F$17<AJ6,TRUE,FALSE) -> TRUE | AL6: Stratos-Z 32/1-12 | AM6: =IF($F$17<AJ6,TRUE,FALSE) -> TRUE | AN6: Yonos MAXO-Z 30/0,5-12 | AP6: =IF($F$11<AQ6,TRUE,FALSE) -> TRUE | AQ6: 8 | AR6: "Пульсар" М 32 | AT6: 0.835 | AU6: =IF($B$4<AT6,TRUE,FALSE) -> TRUE | AV6: НН19-16/3 | BB6: =IF($F$5=BD6,TRUE,FALSE) -> #N/A | BC6: 03 | BD6: 25 | BF6: =IF($F$7=BI6,TRUE,FALSE) -> TRUE | BG6: 03 | BH6: 15 | BI6: 1.6 | BK6: =IF($B$14=BM6,TRUE,FALSE) -> FALSE | BL6: 3 | BM6: Siemens | BO6: =IF($F$5=BQ6,TRUE,FALSE) -> #N/A | BP6: 0 | BQ6: 25 | BS6: =IF($F$5=BU6,TRUE,FALSE) -> #N/A | BT6: 0 | BU6: 25 | BW6: =IF($F$12=BY6,TRUE,FALSE) -> #N/A | BX6: 03 | BY6: 25 | CA6: =IF($F$16=CC6,TRUE,FALSE) -> #N/A | CB6: 03 | CC6: 25 | CE6: =IF($E$13=CG6,TRUE,FALSE) -> FALSE | CF6: 3 | CG6: "Пульсар" М 25 | CI6: =IF($E$18=CK6,TRUE,FALSE) -> #N/A | CJ6: 3 | CK6: Stratos-Z 32/1-12 | CL6: =IF($E$18=CN6,TRUE,FALSE) -> #N/A | CM6: 3 | CN6: Yonos MAXO-Z 30/0,5-12 | CP6: =IF($B$15=CR6,TRUE,FALSE) -> FALSE | CQ6: 2 | CR6: Stratos-Z | CU6: =IF($E$9=CW6,TRUE,FALSE) -> FALSE | CV6: 02 | CW6: НН08-16/2 | CY6: =IF($B$16=DA6,TRUE,FALSE) -> FALSE | CZ6: 3 | DA6: Siemens
A7: Т3 | B7: =IF(('ОЛ(4)'!N17-B8)<5,B8+5,'ОЛ(4)'!N17) -> 5 | C7: °С | E7: Kv | F7: =VLOOKUP(TRUE,IF(B14="IMI Hydronic",Z4:AB21,IF(B14="Siemens",AC4:AE22,AF4:AH16)),3,FALSE) -> 1.6 | I7: =IF($B$11<12,(IF((L7>4)*AND(L7<16),2,0)),IF((L7>4)*AND(L7<20),2,0)) -> 0 | J7: 32 | K7: =1/POWER(1.14+2*LOG10((J7/1000)/($K$21/1000)),2) -> 0.044277322 | L7: =0.00638*K7*POWER($F$4,2)/(POWER(J7/1000,5)*$K$20) -> 0 | N7: =IF((Q7>4)*AND(Q7<16),1,0) -> 0 | O7: 32 | P7: =1/POWER(1.14+2*LOG10((O7/1000)/($K$21/1000)),2) -> 0.044277322 | Q7: =0.00638*P7*POWER($F$11,2)/(POWER(O7/1000,5)*$K$20) -> 0 | R7: =N7 -> 0 | S7: 25 | Z7: =IF(AB7>$X$5,TRUE,FALSE) -> TRUE | AA7: 20 | AB7: 6.3 | AC7: =IF(AE7>$X$5,TRUE,FALSE) -> TRUE | AD7: 20 | AE7: 6.3 | AF7: =IF(AH7>$X$5,TRUE,FALSE) -> TRUE | AG7: 20 | AH7: 6.3 | AJ7: 12 | AK7: =IF($F$17<AJ7,TRUE,FALSE) -> TRUE | AL7: Stratos-Z 40/1-12 | AM7: =IF($F$17<AJ7,TRUE,FALSE) -> TRUE | AN7: Yonos MAXO-Z 40/0,5-12 | AP7: =IF($F$11<AQ7,TRUE,FALSE) -> TRUE | AQ7: 14 | AR7: "Пульсар" М 40 | AT7: 1.001 | AU7: =IF($B$4<AT7,TRUE,FALSE) -> TRUE | AV7: НН19-16/4 | BB7: =IF($F$5=BD7,TRUE,FALSE) -> #N/A | BC7: 04 | BD7: 32 | BF7: =IF($F$7=BI7,TRUE,FALSE) -> FALSE | BG7: 04 | BH7: 15 | BI7: 2.5 | BO7: =IF($F$5=BQ7,TRUE,FALSE) -> #N/A | BP7: 0 | BQ7: 32 | BS7: =IF($F$5=BU7,TRUE,FALSE) -> #N/A | BT7: 0 | BU7: 32 | BW7: =IF($F$12=BY7,TRUE,FALSE) -> #N/A | BX7: 04 | BY7: 32 | CA7: =IF($F$16=CC7,TRUE,FALSE) -> #N/A | CB7: 04 | CC7: 32 | CE7: =IF($E$13=CG7,TRUE,FALSE) -> FALSE | CF7: 4 | CG7: "Пульсар" М 32 | CI7: =IF($E$18=CK7,TRUE,FALSE) -> #N/A | CJ7: 4 | CK7: Stratos-Z 40/1-12 | CL7: =IF($E$18=CN7,TRUE,FALSE) -> #N/A | CM7: 4 | CN7: Yonos MAXO-Z 40/0,5-12 | CU7: =IF($E$9=CW7,TRUE,FALSE) -> FALSE | CV7: 03 | CW7: НН14-16/1
A8: В1 | B8: ='ОЛ(4)'!R17 -> 0 | C8: °С | E8: ΔPкл | F8: =(F4^2/F7^2)*10 -> 0 | I8: =IF($B$11<12,(IF((L8>4)*AND(L8<16),2,0)),IF((L8>4)*AND(L8<20),2,0)) -> 0 | J8: 40 | K8: =1/POWER(1.14+2*LOG10((J8/1000)/($K$21/1000)),2) -> 0.040875226 | L8: =0.00638*K8*POWER($F$4,2)/(POWER(J8/1000,5)*$K$20) -> 0 | N8: =IF((Q8>4)*AND(Q8<16),1,0) -> 0 | O8: 40 | P8: =1/POWER(1.14+2*LOG10((O8/1000)/($K$21/1000)),2) -> 0.040875226 | Q8: =0.00638*P8*POWER($F$11,2)/(POWER(O8/1000,5)*$K$20) -> 0 | R8: =N8 -> 0 | S8: 32 | Z8: =IF(AB8>$X$5,TRUE,FALSE) -> TRUE | AA8: 25 | AB8: 10 | AC8: =IF(AE8>$X$5,TRUE,FALSE) -> TRUE | AD8: 25 | AE8: 10 | AF8: =IF(AH8>$X$5,TRUE,FALSE) -> TRUE | AG8: 25 | AH8: 10 | AP8: =IF($F$11<AQ8,TRUE,FALSE) -> TRUE | AQ8: 20 | AR8: "Пульсар" Т 50 | BB8: =IF($F$5=BD8,TRUE,FALSE) -> #N/A | BC8: 05 | BD8: 40 | BF8: =IF($F$7=BI8,TRUE,FALSE) -> FALSE | BG8: 05 | BH8: 15 | BI8: 4 | BO8: =IF($F$5=BQ8,TRUE,FALSE) -> #N/A | BP8: 0 | BQ8: 40 | BS8: =IF($F$5=BU8,TRUE,FALSE) -> #N/A | BT8: 0 | BU8: 40 | BW8: =IF($F$12=BY8,TRUE,FALSE) -> #N/A | BX8: 05 | BY8: 40 | CA8: =IF($F$16=CC8,TRUE,FALSE) -> #N/A | CB8: 05 | CC8: 40 | CE8: =IF($E$13=CG8,TRUE,FALSE) -> FALSE | CF8: 5 | CG8: "Пульсар" М 40 | CU8: =IF($E$9=CW8,TRUE,FALSE) -> FALSE | CV8: 04 | CW8: НН14-16/2
A9: Р1 | B9: ='ОЛ(4)'!W13*100 -> 60 | C9: м.в.ст. | E9: =VLOOKUP(TRUE,AU3:AV7,2,FALSE) -> НН08-16/1 | I9: =IF($B$11<12,(IF((L9>4)*AND(L9<16),2,0)),IF((L9>4)*AND(L9<20),2,0)) -> 0 | J9: 50 | K9: =1/POWER(1.14+2*LOG10((J9/1000)/($K$21/1000)),2) -> 0.037850687 | L9: =0.00638*K9*POWER($F$4,2)/(POWER(J9/1000,5)*$K$20) -> 0 | N9: =IF((Q9>4)*AND(Q9<16),1,0) -> 0 | O9: 50 | P9: =1/POWER(1.14+2*LOG10((O9/1000)/($K$21/1000)),2) -> 0.037850687 | Q9: =0.00638*P9*POWER($F$11,2)/(POWER(O9/1000,5)*$K$20) -> 0 | R9: =N9 -> 0 | S9: 40 | Z9: =IF(AB9>$X$5,TRUE,FALSE) -> TRUE | AA9: 32 | AB9: 16 | AC9: =IF(AE9>$X$5,TRUE,FALSE) -> TRUE | AD9: 32 | AE9: 16 | AF9: =IF(AH9>$X$5,TRUE,FALSE) -> TRUE | AG9: 32 | AH9: 16 | BB9: =IF($F$5=BD9,TRUE,FALSE) -> #N/A | BC9: 06 | BD9: 50 | BF9: =IF($F$7=BI9,TRUE,FALSE) -> FALSE | BG9: 06 | BH9: 20 | BI9: 5 | BO9: =IF($F$5=BQ9,TRUE,FALSE) -> #N/A | BP9: 0 | BQ9: 50 | BS9: =IF($F$5=BU9,TRUE,FALSE) -> #N/A | BT9: 0 | BU9: 50 | BW9: =IF($F$12=BY9,TRUE,FALSE) -> #N/A | BX9: 06 | BY9: 50 | CA9: =IF($F$16=CC9,TRUE,FALSE) -> #N/A | CB9: 06 | CC9: 50 | CE9: =IF($E$13=CG9,TRUE,FALSE) -> FALSE | CF9: 6 | CG9: "Пульсар" Т 50 | CU9: =IF($E$9=CW9,TRUE,FALSE) -> FALSE | CV9: 05 | CW9: НН19-16/1
A10: Р2 | B10: ='ОЛ(4)'!AC13*100 -> 40 | C10: м.в.ст. | I10: =IF($B$11<12,(IF((L10>4)*AND(L10<16),2,0)),IF((L10>4)*AND(L10<20),2,0)) -> 0 | J10: 65 | K10: =1/POWER(1.14+2*LOG10((J10/1000)/($K$21/1000)),2) -> 0.034705101 | L10: =0.00638*K10*POWER($F$4,2)/(POWER(J10/1000,5)*$K$20) -> 0 | N10: =IF((Q10>4)*AND(Q10<16),1,0) -> 0 | O10: 65 | P10: =1/POWER(1.14+2*LOG10((O10/1000)/($K$21/1000)),2) -> 0.034705101 | Q10: =0.00638*P10*POWER($F$11,2)/(POWER(O10/1000,5)*$K$20) -> 0 | R10: =N10 -> 0 | S10: 50 | Z10: =IF(AB10>$X$5,TRUE,FALSE) -> TRUE | AA10: 40 | AB10: 20 | AC10: =IF(AE10>$X$5,TRUE,FALSE) -> TRUE | AD10: 40 | AE10: 25 | AF10: =IF(AH10>$X$5,TRUE,FALSE) -> TRUE | AG10: 40 | AH10: 25 | BB10: =IF($F$5=BD10,TRUE,FALSE) -> #N/A | BC10: 07 | BD10: 65 | BF10: =IF($F$7=BI10,TRUE,FALSE) -> FALSE | BG10: 07 | BH10: 20 | BI10: 6.3 | BO10: =IF($F$5=BQ10,TRUE,FALSE) -> #N/A | BP10: 0 | BQ10: 65 | BS10: =IF($F$5=BU10,TRUE,FALSE) -> #N/A | BT10: 0 | BU10: 65 | BW10: =IF($F$12=BY10,TRUE,FALSE) -> #N/A | BX10: 07 | BY10: 65 | CA10: =IF($F$16=CC10,TRUE,FALSE) -> #N/A | CB10: 07 | CC10: 65 | CU10: =IF($E$9=CW10,TRUE,FALSE) -> FALSE | CV10: 06 | CW10: НН19-16/2
A11: ΔPтс | B11: =B9-B10 -> 20 | C11: м.в.ст. | E11: G3 | F11: =B4*1000/(B7-B8) -> 0 | I11: =IF($B$11<12,(IF((L11>4)*AND(L11<16),2,0)),IF((L11>4)*AND(L11<20),2,0)) -> 0 | J11: 80 | K11: =1/POWER(1.14+2*LOG10((J11/1000)/($K$21/1000)),2) -> 0.032485498 | L11: =0.00638*K11*POWER($F$4,2)/(POWER(J11/1000,5)*$K$20) -> 0 | N11: =IF((Q11>4)*AND(Q11<16),1,0) -> 0 | O11: 80 | P11: =1/POWER(1.14+2*LOG10((O11/1000)/($K$21/1000)),2) -> 0.032485498 | Q11: =0.00638*P11*POWER($F$11,2)/(POWER(O11/1000,5)*$K$20) -> 0 | R11: =N11 -> 0 | S11: 65 | Z11: =IF(AB11>$X$5,TRUE,FALSE) -> TRUE | AA11: 40 | AB11: 25 | AC11: =IF(AE11>$X$5,TRUE,FALSE) -> TRUE | AD11: 50 | AE11: 31.5 | AF11: =IF(AH11>$X$5,TRUE,FALSE) -> TRUE | AG11: 50 | AH11: 40 | BB11: =IF($F$5=BD11,TRUE,FALSE) -> #N/A | BC11: 08 | BD11: 80 | BF11: =IF($F$7=BI11,TRUE,FALSE) -> FALSE | BG11: 08 | BH11: 25 | BI11: 8 | BO11: =IF($F$5=BQ11,TRUE,FALSE) -> #N/A | BP11: 0 | BQ11: 80 | BS11: =IF($F$5=BU11,TRUE,FALSE) -> #N/A | BT11: 0 | BU11: 80 | BW11: =IF($F$12=BY11,TRUE,FALSE) -> #N/A | BX11: 08 | BY11: 80 | CA11: =IF($F$16=CC11,TRUE,FALSE) -> #N/A | CB11: 08 | CC11: 80 | CU11: =IF($E$9=CW11,TRUE,FALSE) -> FALSE | CV11: 07 | CW11: НН19-16/3
E12: D3 | F12: =VLOOKUP(1,N4:Q17,2,FALSE) -> #N/A | I12: =IF($B$11<12,(IF((L12>4)*AND(L12<16),2,0)),IF((L12>4)*AND(L12<20),2,0)) -> 0 | J12: 100 | K12: =1/POWER(1.14+2*LOG10((J12/1000)/($K$21/1000)),2) -> 0.030329451 | L12: =0.00638*K12*POWER($F$4,2)/(POWER(J12/1000,5)*$K$20) -> 0 | N12: =IF((Q12>4)*AND(Q12<16),1,0) -> 0 | O12: 100 | P12: =1/POWER(1.14+2*LOG10((O12/1000)/($K$21/1000)),2) -> 0.030329451 | Q12: =0.00638*P12*POWER($F$11,2)/(POWER(O12/1000,5)*$K$20) -> 0 | R12: =N12 -> 0 | S12: 80 | Z12: =IF(AB12>$X$5,TRUE,FALSE) -> TRUE | AA12: 50 | AB12: 31.5 | AC12: =IF(AE12>$X$5,TRUE,FALSE) -> TRUE | AD12: 50 | AE12: 40 | AF12: =IF(AH12>$X$5,TRUE,FALSE) -> TRUE | AG12: 65 | AH12: 63 | BB12: =IF($F$5=BD12,TRUE,FALSE) -> #N/A | BC12: 09 | BD12: 100 | BF12: =IF($F$7=BI12,TRUE,FALSE) -> FALSE | BG12: 09 | BH12: 25 | BI12: 10 | BO12: =IF($F$5=BQ12,TRUE,FALSE) -> #N/A | BP12: 0 | BQ12: 100 | BS12: =IF($F$5=BU12,TRUE,FALSE) -> #N/A | BT12: 0 | BU12: 100 | BW12: =IF($F$12=BY12,TRUE,FALSE) -> #N/A | BX12: 09 | BY12: 100 | CA12: =IF($F$16=CC12,TRUE,FALSE) -> #N/A | CB12: 09 | CC12: 100 | CU12: =IF($E$9=CW12,TRUE,FALSE) -> FALSE | CV12: 08 | CW12: НН19-16/4
E13: =VLOOKUP(TRUE,AP3:AR9,3,FALSE) -> "Пульсар" 15 | I13: =IF($B$11<12,(IF((L13>4)*AND(L13<16),2,0)),IF((L13>4)*AND(L13<20),2,0)) -> 0 | J13: 125 | K13: =1/POWER(1.14+2*LOG10((J13/1000)/($K$21/1000)),2) -> 0.028381136 | L13: =0.00638*K13*POWER($F$4,2)/(POWER(J13/1000,5)*$K$20) -> 0 | N13: =IF((Q13>4)*AND(Q13<16),1,0) -> 0 | O13: 125 | P13: =1/POWER(1.14+2*LOG10((O13/1000)/($K$21/1000)),2) -> 0.028381136 | Q13: =0.00638*P13*POWER($F$11,2)/(POWER(O13/1000,5)*$K$20) -> 0 | R13: =N13 -> 0 | S13: 100 | Z13: =IF(AB13>$X$5,TRUE,FALSE) -> TRUE | AA13: 50 | AB13: 40 | AC13: =IF(AE13>$X$5,TRUE,FALSE) -> TRUE | AD13: 65 | AE13: 50 | AF13: =IF(AH13>$X$5,TRUE,FALSE) -> TRUE | AG13: 80 | AH13: 100 | BB13: =IF($F$5=BD13,TRUE,FALSE) -> #N/A | BC13: 10 | BD13: 125 | BF13: =IF($F$7=BI13,TRUE,FALSE) -> FALSE | BG13: 10 | BH13: 32 | BI13: 12.5 | BO13: =IF($F$5=BQ13,TRUE,FALSE) -> #N/A | BP13: 0 | BQ13: 125 | BS13: =IF($F$5=BU13,TRUE,FALSE) -> #N/A | BT13: 0 | BU13: 125 | BW13: =IF($F$12=BY13,TRUE,FALSE) -> #N/A | BX13: 10 | BY13: 125 | CA13: =IF($F$16=CC13,TRUE,FALSE) -> #N/A | CB13: 10 | CC13: 125 | CU13: =IF($E$9=CW13,TRUE,FALSE) -> FALSE | CV13: 09 | CW13: НН19-16/5
A14: Клапан | B14: ='ОЛ(4)'!O36 -> 0 | I14: =IF($B$11<12,(IF((L14>4)*AND(L14<16),2,0)),IF((L14>4)*AND(L14<20),2,0)) -> 0 | J14: 150 | K14: =1/POWER(1.14+2*LOG10((J14/1000)/($K$21/1000)),2) -> 0.026925299 | L14: =0.00638*K14*POWER($F$4,2)/(POWER(J14/1000,5)*$K$20) -> 0 | N14: =IF((Q14>4)*AND(Q14<16),1,0) -> 0 | O14: 150 | P14: =1/POWER(1.14+2*LOG10((O14/1000)/($K$21/1000)),2) -> 0.026925299 | Q14: =0.00638*P14*POWER($F$11,2)/(POWER(O14/1000,5)*$K$20) -> 0 | R14: =N14 -> 0 | S14: 125 | Z14: =IF(AB14>$X$5,TRUE,FALSE) -> TRUE | AA14: 65 | AB14: 50 | AC14: =IF(AE14>$X$5,TRUE,FALSE) -> TRUE | AD14: 65 | AE14: 63 | AF14: =IF(AH14>$X$5,TRUE,FALSE) -> TRUE | AG14: 100 | AH14: 160 | BB14: =IF($F$5=BD14,TRUE,FALSE) -> #N/A | BC14: 11 | BD14: 150 | BF14: =IF($F$7=BI14,TRUE,FALSE) -> FALSE | BG14: 11 | BH14: 32 | BI14: 16 | BO14: =IF($F$5=BQ14,TRUE,FALSE) -> #N/A | BP14: 0 | BQ14: 150 | BS14: =IF($F$5=BU14,TRUE,FALSE) -> #N/A | BT14: 0 | BU14: 150 | BW14: =IF($F$12=BY14,TRUE,FALSE) -> #N/A | BX14: 11 | BY14: 150 | CA14: =IF($F$16=CC14,TRUE,FALSE) -> #N/A | CB14: 11 | CC14: 150 | CU14: =IF($E$9=CW14,TRUE,FALSE) -> FALSE | CV14: 10 | CW14: НН21-16/2
A15: Насос | B15: ='ОЛ(4)'!I36 -> 0 | E15: G4 | F15: =3.6*B4*1.163/0.42 -> 0 | I15: =IF($B$11<12,(IF((L15>4)*AND(L15<16),2,0)),IF((L15>4)*AND(L15<20),2,0)) -> 0 | J15: 200 | K15: =1/POWER(1.14+2*LOG10((J15/1000)/($K$21/1000)),2) -> 0.024846043 | L15: =0.00638*K15*POWER($F$4,2)/(POWER(J15/1000,5)*$K$20) -> 0 | N15: =IF((Q15>4)*AND(Q15<16),1,0) -> 0 | O15: 200 | P15: =1/POWER(1.14+2*LOG10((O15/1000)/($K$21/1000)),2) -> 0.024846043 | Q15: =0.00638*P15*POWER($F$11,2)/(POWER(O15/1000,5)*$K$20) -> 0 | R15: =N15 -> 0 | S15: 150 | Z15: =IF(AB15>$X$5,TRUE,FALSE) -> TRUE | AA15: 65 | AB15: 63 | AC15: =IF(AE15>$X$5,TRUE,FALSE) -> TRUE | AD15: 80 | AE15: 80 | AF15: =IF(AH15>$X$5,TRUE,FALSE) -> TRUE | AG15: 125 | AH15: 250 | BB15: =IF($F$5=BD15,TRUE,FALSE) -> #N/A | BC15: 12 | BD15: 200 | BF15: =IF($F$7=BI15,TRUE,FALSE) -> FALSE | BG15: 12 | BH15: 40 | BI15: 20 | BO15: =IF($F$5=BQ15,TRUE,FALSE) -> #N/A | BP15: 0 | BQ15: 200 | BS15: =IF($F$5=BU15,TRUE,FALSE) -> #N/A | BT15: 0 | BU15: 200 | BW15: =IF($F$12=BY15,TRUE,FALSE) -> #N/A | BX15: 12 | BY15: 200 | CA15: =IF($F$16=CC15,TRUE,FALSE) -> #N/A | CB15: 12 | CC15: 200 | CU15: =IF($E$9=CW15,TRUE,FALSE) -> FALSE | CV15: 11 | CW15: НН21-16/3
A16: Контр. | B16: ='ОЛ(4)'!U36 -> 0 | E16: D4 | F16: =VLOOKUP(1,R4:U17,2,FALSE) -> #N/A | I16: =IF($B$11<12,(IF((L16>4)*AND(L16<16),2,0)),IF((L16>4)*AND(L16<20),2,0)) -> 0 | J16: 250 | K16: =1/POWER(1.14+2*LOG10((J16/1000)/($K$21/1000)),2) -> 0.023394735 | L16: =0.00638*K16*POWER($F$4,2)/(POWER(J16/1000,5)*$K$20) -> 0 | N16: =IF((Q16>4)*AND(Q16<16),1,0) -> 0 | O16: 250 | P16: =1/POWER(1.14+2*LOG10((O16/1000)/($K$21/1000)),2) -> 0.023394735 | Q16: =0.00638*P16*POWER($F$11,2)/(POWER(O16/1000,5)*$K$20) -> 0 | R16: =N16 -> 0 | S16: 200 | Z16: =IF(AB16>$X$5,TRUE,FALSE) -> TRUE | AA16: 80 | AB16: 80 | AC16: =IF(AE16>$X$5,TRUE,FALSE) -> TRUE | AD16: 80 | AE16: 100 | AF16: =IF(AH16>$X$5,TRUE,FALSE) -> TRUE | AG16: 150 | AH16: 400 | BF16: =IF($F$7=BI16,TRUE,FALSE) -> FALSE | BG16: 13 | BH16: 40 | BI16: 25 | CU16: =IF($E$9=CW16,TRUE,FALSE) -> FALSE | CV16: 12 | CW16: НН47-16/2
A17: ША | B17: ='ОЛ(4)'!AA36 -> 0 | E17: Gнас | F17: =F15 -> 0 | I17: =IF($B$11<12,(IF((L17>4)*AND(L17<16),2,0)),IF((L17>4)*AND(L17<20),2,0)) -> 0 | J17: 300 | K17: =1/POWER(1.14+2*LOG10((J17/1000)/($K$21/1000)),2) -> 0.022301284 | L17: =0.00638*K17*POWER($F$4,2)/(POWER(J17/1000,5)*$K$20) -> 0 | N17: =IF((Q17>4)*AND(Q17<16),1,0) -> 0 | O17: 300 | P17: =1/POWER(1.14+2*LOG10((O17/1000)/($K$21/1000)),2) -> 0.022301284 | Q17: =0.00638*P17*POWER($F$11,2)/(POWER(O17/1000,5)*$K$20) -> 0 | R17: =N17 -> 0 | S17: 250 | Z17: =IF(AB17>$X$5,TRUE,FALSE) -> TRUE | AA17: 80 | AB17: 100 | AC17: =IF(AE17>$X$5,TRUE,FALSE) -> TRUE | AD17: 100 | AE17: 125 | BF17: =IF($F$7=BI17,TRUE,FALSE) -> FALSE | BG17: 14 | BH17: 50 | BI17: 31.5 | CU17: =IF($E$9=CW17,TRUE,FALSE) -> FALSE | CV17: 13 | CW17: НН41-16/1
E18: =VLOOKUP(TRUE,IF(B15="Stratos-Z",AK4:AL8,IF(B15="Yonos MAXO-Z",AM4:AN8,FALSE)),2,FALSE) -> #N/A | Z18: =IF(AB18>$X$5,TRUE,FALSE) -> TRUE | AA18: 100 | AB18: 125 | AC18: =IF(AE18>$X$5,TRUE,FALSE) -> TRUE | AD18: 100 | AE18: 160 | BF18: =IF($F$7=BI18,TRUE,FALSE) -> FALSE | BG18: 15 | BH18: 50 | BI18: 40 | CU18: =IF($E$9=CW18,TRUE,FALSE) -> FALSE | CV18: 14 | CW18: НН41-16/2
Z19: =IF(AB19>$X$5,TRUE,FALSE) -> TRUE | AA19: 100 | AB19: 160 | AC19: =IF(AE19>$X$5,TRUE,FALSE) -> TRUE | AD19: 125 | AE19: 200 | BF19: =IF($F$7=BI19,TRUE,FALSE) -> FALSE | BG19: 16 | BH19: 65 | BI19: 50 | CU19: =IF($E$9=CW19,TRUE,FALSE) -> FALSE | CV19: 15 | CW19: НН41-16/3
J20: g | K20: 958.4 | Z20: =IF(AB20>$X$5,TRUE,FALSE) -> TRUE | AA20: 125 | AB20: 250 | AC20: =IF(AE20>$X$5,TRUE,FALSE) -> TRUE | AD20: 125 | AE20: 250 | BF20: =IF($F$7=BI20,TRUE,FALSE) -> FALSE | BG20: 17 | BH20: 65 | BI20: 63
J21: kэ | K21: 0.5 | Z21: =IF(AB21>$X$5,TRUE,FALSE) -> TRUE | AA21: 150 | AB21: 315 | AC21: =IF(AE21>$X$5,TRUE,FALSE) -> TRUE | AD21: 150 | AE21: 315 | BF21: =IF($F$7=BI21,TRUE,FALSE) -> FALSE | BG21: 18 | BH21: 80 | BI21: 80
AC22: =IF(AE22>$X$5,TRUE,FALSE) -> TRUE | AD22: 150 | AE22: 400 | BF22: =IF($F$7=BI22,TRUE,FALSE) -> FALSE | BG22: 19 | BH22: 80 | BI22: 100
BF23: =IF($F$7=BI23,TRUE,FALSE) -> FALSE | BG23: 20 | BH23: 100 | BI23: 125
BF24: =IF($F$7=BI24,TRUE,FALSE) -> FALSE | BG24: 21 | BH24: 100 | BI24: 160
BF25: =IF($F$7=BI25,TRUE,FALSE) -> FALSE | BG25: 22 | BH25: 125 | BI25: 250
BF26: =IF($F$7=BI26,TRUE,FALSE) -> FALSE | BG26: 23 | BH26: 150 | BI26: 315

Sheet БГ-С
B2: БГ-С | I2: Диаметр трубопровода | AE2: Клапан | AR2: Насос Wilo | AX2: Счетчик ХВС | BB2: Теплообменник | BJ2: Х1 | BN2: Х2 | BR2: Х3 | BW2: Х4 | CA2: Х5 | CE2: Х6 | CI2: Х7 | CM2: Х8 | CQ2: Х9 | CU2: Х10 | DA2: Х11 | DF2: Х12 | DJ2: Х13 | DN2: Х14
J3: D1 | K3: l | L3: h | O3: D2' | P3: l | Q3: h | S3: D2 | T3: l | U3: h | W3: D3 | X3: l | Y3: h | AA3: D4 | AE3: IMI Hydronic | AF3: Siemens | AG3: Danfoss | AH3: IMI Hydronic | AK3: Siemens | AN3: Danfoss | AR3: Gнас | AX3: =IF($F$17<AY3,TRUE,FALSE) -> TRUE | AY3: 2 | AZ3: "Пульсар" 15 | BD3: QГВС | BF3: G Т2' | BG3: Тип | BJ3: № | BK3: Схема | BM3: Т1 | BN3: № | BO3: Ду | BQ3: Клапан | BR3: № | BS3: Ду | BT3: Kv | BV3: Клапан | BW3: № | BX3: Производитель | BZ3: Т2' | CA3: № | CB3: Ду | CD3: Т2 | CE3: № | CF3: Ду | CH3: Т3 | CI3: № | CJ3: Ду | CL3: Т4 | CM3: № | CN3: Ду | CP3: Счетчик | CQ3: № | CR3: Ду | CU3: № | CV3: Тип насоса | CY3: Тип насоса | DB3: № | DC3: Тип насоса | DG3: № | DH3: Тип ТО | DK3: № | DL3: Контролл. | DO3: № | DP3: ША
A4: Q | B4: =IF('ОЛ(4)'!D37=2,'ОЛ(4)'!C17,0) -> 0 | C4: Гкал/ч | E4: G1 | F4: =F17*1.2 -> 0 | I4: =IF($B$11<12,(IF((L4>4)*AND(L4<16),2,0)),IF((L4>4)*AND(L4<20),2,0)) -> 0 | J4: 15 | K4: =1/POWER(1.14+2*LOG10((J4/1000)/($K$21/1000)),2) -> 0.059655827 | L4: =0.00638*K4*POWER($F$4,2)/(POWER(J4/1000,5)*$K$20) -> 0 | N4: =IF((Q4>4)*AND(Q4<18),1,0) -> 0 | O4: 15 | P4: =1/POWER(1.14+2*LOG10((O4/1000)/($K$21/1000)),2) -> 0.059655827 | Q4: =0.00638*P4*POWER($F$11,2)/(POWER(O4/1000,5)*$K$20) -> 6915.2051 | R4: =IF((U4>4)*AND(U4<16),1,0) -> 0 | S4: 15 | T4: =1/POWER(1.14+2*LOG10((S4/1000)/($K$21/1000)),2) -> 0.059655827 | U4: =0.00638*T4*POWER($F$14,2)/(POWER(S4/1000,5)*$K$20) -> 6915.2051 | V4: =IF((Y4>4)*AND(Y4<16),1,0) -> 0 | W4: 15 | X4: =1/POWER(1.14+2*LOG10((W4/1000)/($K$21/1000)),2) -> 0.059655827 | Y4: =0.00638*X4*POWER($F$17,2)/(POWER(W4/1000,5)*$K$20) -> 0 | Z4: =V4 -> 0 | AA4: 15 | AE4: ΔPкл | AF4: =IF(B11>12,3,1.8) -> 3 | AH4: =IF(AJ4>$AF$5,TRUE,FALSE) -> TRUE | AI4: 15 | AJ4: 1.6 | AK4: =IF(AM4>$AF$5,TRUE,FALSE) -> TRUE | AL4: 15 | AM4: 1.6 | AN4: =IF(AP4>$AF$5,TRUE,FALSE) -> TRUE | AO4: 15 | AP4: 1.6 | AR4: 1.5 | AS4: =IF($F$23<AR4,TRUE,FALSE) -> TRUE | AT4: Stratos-Z 25/1-8 | AU4: =IF($F$23<AR4,TRUE,FALSE) -> TRUE | AV4: Yonos MAXO-Z 25/0,5-7 | AX4: =IF($F$17<AY4,TRUE,FALSE) -> TRUE | AY4: 3 | AZ4: "Пульсар" 20 | BB4: =IF(AND(BC4=1,BE4=1),TRUE,FALSE) -> FALSE | BC4: =IF(BD4>$B$4,1,0) -> 1 | BD4: 0.01 | BE4: =IF(BF4>$F$11,1,0) -> 0 | BF4: 2 | BG4: НН08-16/1 | BJ4: 1 | BK4: Параллельная | BM4: =IF($F$5=BO4,TRUE,FALSE) -> #N/A | BN4: 01 | BO4: 15 | BQ4: =IF($F$7=BT4,TRUE,FALSE) -> FALSE | BR4: 01 | BS4: 15 | BT4: 0.63 | BV4: =IF($B$14=BX4,TRUE,FALSE) -> FALSE | BW4: 1 | BX4: IMI Hydronic | BZ4: =IF($F$12=CB4,TRUE,FALSE) -> FALSE | CA4: 01 | CB4: 15 | CD4: =IF($F$15=CF4,TRUE,FALSE) -> FALSE | CE4: 01 | CF4: 15 | CH4: =IF($F$18=CJ4,TRUE,FALSE) -> #N/A | CI4: 01 | CJ4: 15 | CL4: =IF($F$22=CN4,TRUE,FALSE) -> #N/A | CM4: 01 | CN4: 15 | CP4: =IF($E$19=CR4,TRUE,FALSE) -> TRUE | CQ4: 1 | CR4: "Пульсар" 15 | CT4: =IF($E$24=CV4,TRUE,FALSE) -> #N/A | CU4: 1 | CV4: Stratos-Z 25/1-8 | CW4: =IF($E$24=CY4,TRUE,FALSE) -> #N/A | CX4: 1 | CY4: Yonos MAXO-Z 25/0,5-7 | DJ4: =IF($B$16=DL4,TRUE,FALSE) -> FALSE | DK4: 1 | DL4: Segnetics | DN4: =IF($B$17=DP4,TRUE,FALSE) -> FALSE | DO4: 1 | DP4: отдельный
E5: D1 | F5: =VLOOKUP(2,I4:L17,2,FALSE) -> #N/A | I5: =IF($B$11<12,(IF((L5>4)*AND(L5<16),2,0)),IF((L5>4)*AND(L5<20),2,0)) -> 0 | J5: 20 | K5: =1/POWER(1.14+2*LOG10((J5/1000)/($K$21/1000)),2) -> 0.0529903 | L5: =0.00638*K5*POWER($F$4,2)/(POWER(J5/1000,5)*$K$20) -> 0 | N5: =IF((Q5>4)*AND(Q5<18),1,0) -> 0 | O5: 20 | P5: =1/POWER(1.14+2*LOG10((O5/1000)/($K$21/1000)),2) -> 0.0529903 | Q5: =0.00638*P5*POWER($F$11,2)/(POWER(O5/1000,5)*$K$20) -> 1457.6555 | R5: =IF((U5>4)*AND(U5<16),1,0) -> 0 | S5: 20 | T5: =1/POWER(1.14+2*LOG10((S5/1000)/($K$21/1000)),2) -> 0.0529903 | U5: =0.00638*T5*POWER($F$14,2)/(POWER(S5/1000,5)*$K$20) -> 1457.6555 | V5: =IF((Y5>4)*AND(Y5<16),1,0) -> 0 | W5: 20 | X5: =1/POWER(1.14+2*LOG10((W5/1000)/($K$21/1000)),2) -> 0.0529903 | Y5: =0.00638*X5*POWER($F$17,2)/(POWER(W5/1000,5)*$K$20) -> 0 | Z5: =V5 -> 0 | AA5: 15 | AE5: Kvрасч | AF5: =F4/SQRT(0.1*AF4) -> 0 | AH5: =IF(AJ5>$AF$5,TRUE,FALSE) -> TRUE | AI5: 15 | AJ5: 2.5 | AK5: =IF(AM5>$AF$5,TRUE,FALSE) -> TRUE | AL5: 15 | AM5: 2.5 | AN5: =IF(AP5>$AF$5,TRUE,FALSE) -> TRUE | AO5: 15 | AP5: 2.5 | AR5: 4 | AS5: =IF($F$23<AR5,TRUE,FALSE) -> TRUE | AT5: Stratos-Z 32/1-12 | AU5: =IF($F$23<AR5,TRUE,FALSE) -> TRUE | AV5: Yonos MAXO-Z 25/0,5-10 | AX5: =IF($F$17<AY5,TRUE,FALSE) -> TRUE | AY5: 5 | AZ5: "Пульсар" М 25 | BB5: =IF(AND(BC5=1,BE5=1),TRUE,FALSE) -> FALSE | BC5: =IF(BD5>$B$4,1,0) -> 1 | BD5: 0.02 | BE5: =IF(BF5>$F$11,1,0) -> 0 | BF5: 2 | BG5: НН08-16/1 | BJ5: 2 | BK5: Смешанная | BM5: =IF($F$5=BO5,TRUE,FALSE) -> #N/A | BN5: 02 | BO5: 20 | BQ5: =IF($F$7=BT5,TRUE,FALSE) -> FALSE | BR5: 02 | BS5: 15 | BT5: 1.25 | BV5: =IF($B$14=BX5,TRUE,FALSE) -> FALSE | BW5: 2 | BX5: Danfoss | BZ5: =IF($F$12=CB5,TRUE,FALSE) -> FALSE | CA5: 02 | CB5: 20 | CD5: =IF($F$15=CF5,TRUE,FALSE) -> FALSE | CE5: 02 | CF5: 20 | CH5: =IF($F$18=CJ5,TRUE,FALSE) -> #N/A | CI5: 02 | CJ5: 20 | CL5: =IF($F$22=CN5,TRUE,FALSE) -> #N/A | CM5: 02 | CN5: 20 | CP5: =IF($E$19=CR5,TRUE,FALSE) -> FALSE | CQ5: 2 | CR5: "Пульсар" 20 | CT5: =IF($E$24=CV5,TRUE,FALSE) -> #N/A | CW5: =IF($E$24=CY5,TRUE,FALSE) -> #N/A | CX5: 2 | CY5: Yonos MAXO-Z 25/0,5-10 | DA5: =IF($B$15=DC5,TRUE,FALSE) -> FALSE | DB5: 1 | DC5: Yonos MAXO-Z | DF5: =IF($E$9=DH5,TRUE,FALSE) -> FALSE | DG5: 01 | DH5: НН08-16/1 | DJ5: =IF($B$16=DL5,TRUE,FALSE) -> FALSE | DK5: 2 | DL5: Danfoss | DN5: =IF($B$17=DP5,TRUE,FALSE) -> FALSE | DO5: 0 | DP5: Учтен в БОВ-1
E6: dкл | F6: =VLOOKUP(TRUE,IF(B14="IMI Hydronic",AH4:AJ21,IF(B14="Siemens",AK4:AM22,AN4:AP16)),2,FALSE) -> 15 | I6: =IF($B$11<12,(IF((L6>4)*AND(L6<16),2,0)),IF((L6>4)*AND(L6<20),2,0)) -> 0 | J6: 25 | K6: =1/POWER(1.14+2*LOG10((J6/1000)/($K$21/1000)),2) -> 0.048560427 | L6: =0.00638*K6*POWER($F$4,2)/(POWER(J6/1000,5)*$K$20) -> 0 | N6: =IF((Q6>4)*AND(Q6<18),1,0) -> 0 | O6: 25 | P6: =1/POWER(1.14+2*LOG10((O6/1000)/($K$21/1000)),2) -> 0.048560427 | Q6: =0.00638*P6*POWER($F$11,2)/(POWER(O6/1000,5)*$K$20) -> 437.71451 | R6: =IF((U6>4)*AND(U6<16),1,0) -> 0 | S6: 25 | T6: =1/POWER(1.14+2*LOG10((S6/1000)/($K$21/1000)),2) -> 0.048560427 | U6: =0.00638*T6*POWER($F$14,2)/(POWER(S6/1000,5)*$K$20) -> 437.71451 | V6: =IF((Y6>4)*AND(Y6<16),1,0) -> 0 | W6: 25 | X6: =1/POWER(1.14+2*LOG10((W6/1000)/($K$21/1000)),2) -> 0.048560427 | Y6: =0.00638*X6*POWER($F$17,2)/(POWER(W6/1000,5)*$K$20) -> 0 | Z6: =V6 -> 0 | AA6: 20 | AH6: =IF(AJ6>$AF$5,TRUE,FALSE) -> TRUE | AI6: 15 | AJ6: 4 | AK6: =IF(AM6>$AF$5,TRUE,FALSE) -> TRUE | AL6: 15 | AM6: 4 | AN6: =IF(AP6>$AF$5,TRUE,FALSE) -> TRUE | AO6: 15 | AP6: 4 | AR6: 6 | AS6: =IF($F$23<AR6,TRUE,FALSE) -> TRUE | AT6: Stratos-Z 32/1-12 | AU6: =IF($F$23<AR6,TRUE,FALSE) -> TRUE | AV6: Yonos MAXO-Z 30/0,5-12 | AX6: =IF($F$17<AY6,TRUE,FALSE) -> TRUE | AY6: 8 | AZ6: "Пульсар" М 32 | BB6: =IF(AND(BC6=1,BE6=1),TRUE,FALSE) -> TRUE | BC6: =IF(BD6>$B$4,1,0) -> 1 | BD6: 0.02 | BE6: =IF(BF6>$F$11,1,0) -> 1 | BF6: 4 | BG6: НН14-16/1 | BM6: =IF($F$5=BO6,TRUE,FALSE) -> #N/A | BN6: 03 | BO6: 25 | BQ6: =IF($F$7=BT6,TRUE,FALSE) -> TRUE | BR6: 03 | BS6: 15 | BT6: 1.6 | BV6: =IF($B$14=BX6,TRUE,FALSE) -> FALSE | BW6: 3 | BX6: Siemens | BZ6: =IF($F$12=CB6,TRUE,FALSE) -> FALSE | CA6: 03 | CB6: 25 | CD6: =IF($F$15=CF6,TRUE,FALSE) -> FALSE | CE6: 03 | CF6: 25 | CH6: =IF($F$18=CJ6,TRUE,FALSE) -> #N/A | CI6: 03 | CJ6: 25 | CL6: =IF($F$22=CN6,TRUE,FALSE) -> #N/A | CM6: 03 | CN6: 25 | CP6: =IF($E$19=CR6,TRUE,FALSE) -> FALSE | CQ6: 3 | CR6: "Пульсар" М 25 | CT6: =IF($E$24=CV6,TRUE,FALSE) -> #N/A | CU6: 3 | CV6: Stratos-Z 32/1-12 | CW6: =IF($E$24=CY6,TRUE,FALSE) -> #N/A | CX6: 3 | CY6: Yonos MAXO-Z 30/0,5-12 | DA6: =IF($B$15=DC6,TRUE,FALSE) -> FALSE | DB6: 2 | DC6: Stratos-Z | DF6: =IF($E$9=DH6,TRUE,FALSE) -> FALSE | DG6: 02 | DH6: НН08-16/2 | DJ6: =IF($B$16=DL6,TRUE,FALSE) -> FALSE | DK6: 3 | DL6: Siemens
A7: Т3 | B7: =IF(('ОЛ(4)'!N17-B8)<5,B8+5,'ОЛ(4)'!N17) -> 5 | C7: °С | E7: Kv | F7: =VLOOKUP(TRUE,IF(B14="IMI Hydronic",AH4:AJ21,IF(B14="Siemens",AK4:AM22,AN4:AP16)),3,FALSE) -> 1.6 | I7: =IF($B$11<12,(IF((L7>4)*AND(L7<16),2,0)),IF((L7>4)*AND(L7<20),2,0)) -> 0 | J7: 32 | K7: =1/POWER(1.14+2*LOG10((J7/1000)/($K$21/1000)),2) -> 0.044277322 | L7: =0.00638*K7*POWER($F$4,2)/(POWER(J7/1000,5)*$K$20) -> 0 | N7: =IF((Q7>4)*AND(Q7<18),1,0) -> 0 | O7: 32 | P7: =1/POWER(1.14+2*LOG10((O7/1000)/($K$21/1000)),2) -> 0.044277322 | Q7: =0.00638*P7*POWER($F$11,2)/(POWER(O7/1000,5)*$K$20) -> 116.15554 | R7: =IF((U7>4)*AND(U7<16),1,0) -> 0 | S7: 32 | T7: =1/POWER(1.14+2*LOG10((S7/1000)/($K$21/1000)),2) -> 0.044277322 | U7: =0.00638*T7*POWER($F$14,2)/(POWER(S7/1000,5)*$K$20) -> 116.15554 | V7: =IF((Y7>4)*AND(Y7<16),1,0) -> 0 | W7: 32 | X7: =1/POWER(1.14+2*LOG10((W7/1000)/($K$21/1000)),2) -> 0.044277322 | Y7: =0.00638*X7*POWER($F$17,2)/(POWER(W7/1000,5)*$K$20) -> 0 | Z7: =V7 -> 0 | AA7: 25 | AH7: =IF(AJ7>$AF$5,TRUE,FALSE) -> TRUE | AI7: 20 | AJ7: 6.3 | AK7: =IF(AM7>$AF$5,TRUE,FALSE) -> TRUE | AL7: 20 | AM7: 6.3 | AN7: =IF(AP7>$AF$5,TRUE,FALSE) -> TRUE | AO7: 20 | AP7: 6.3 | AR7: 12 | AS7: =IF($F$23<AR7,TRUE,FALSE) -> TRUE | AT7: Stratos-Z 40/1-12 | AU7: =IF($F$23<AR7,TRUE,FALSE) -> TRUE | AV7: Yonos MAXO-Z 40/0,5-12 | AX7: =IF($F$17<AY7,TRUE,FALSE) -> TRUE | AY7: 14 | AZ7: "Пульсар" М 40 | BB7: =IF(AND(BC7=1,BE7=1),TRUE,FALSE) -> FALSE | BC7: =IF(BD7>$B$4,1,0) -> 1 | BD7: 0.03 | BE7: =IF(BF7>$F$11,1,0) -> 0 | BF7: 2 | BG7: НН08-16/1 | BM7: =IF($F$5=BO7,TRUE,FALSE) -> #N/A | BN7: 04 | BO7: 32 | BQ7: =IF($F$7=BT7,TRUE,FALSE) -> FALSE | BR7: 04 | BS7: 15 | BT7: 2.5 | BZ7: =IF($F$12=CB7,TRUE,FALSE) -> FALSE | CA7: 04 | CB7: 32 | CD7: =IF($F$15=CF7,TRUE,FALSE) -> FALSE | CE7: 04 | CF7: 32 | CH7: =IF($F$18=CJ7,TRUE,FALSE) -> #N/A | CI7: 04 | CJ7: 32 | CL7: =IF($F$22=CN7,TRUE,FALSE) -> #N/A | CM7: 04 | CN7: 32 | CP7: =IF($E$19=CR7,TRUE,FALSE) -> FALSE | CQ7: 4 | CR7: "Пульсар" М 32 | CT7: =IF($E$24=CV7,TRUE,FALSE) -> #N/A | CU7: 4 | CV7: Stratos-Z 40/1-12 | CW7: =IF($E$24=CY7,TRUE,FALSE) -> #N/A | CX7: 4 | CY7: Yonos MAXO-Z 40/0,5-12 | DF7: =IF($E$9=DH7,TRUE,FALSE) -> TRUE | DG7: 03 | DH7: НН14-16/1
A8: В1 | B8: ='ОЛ(4)'!R17 -> 0 | C8: °С | E8: ΔPкл | F8: =(F4^2/F7^2)*10 -> 0 | I8: =IF($B$11<12,(IF((L8>4)*AND(L8<16),2,0)),IF((L8>4)*AND(L8<20),2,0)) -> 0 | J8: 40 | K8: =1/POWER(1.14+2*LOG10((J8/1000)/($K$21/1000)),2) -> 0.040875226 | L8: =0.00638*K8*POWER($F$4,2)/(POWER(J8/1000,5)*$K$20) -> 0 | N8: =IF((Q8>4)*AND(Q8<18),1,0) -> 0 | O8: 40 | P8: =1/POWER(1.14+2*LOG10((O8/1000)/($K$21/1000)),2) -> 0.040875226 | Q8: =0.00638*P8*POWER($F$11,2)/(POWER(O8/1000,5)*$K$20) -> 35.137325 | R8: =IF((U8>4)*AND(U8<16),1,0) -> 0 | S8: 40 | T8: =1/POWER(1.14+2*LOG10((S8/1000)/($K$21/1000)),2) -> 0.040875226 | U8: =0.00638*T8*POWER($F$14,2)/(POWER(S8/1000,5)*$K$20) -> 35.137325 | V8: =IF((Y8>4)*AND(Y8<16),1,0) -> 0 | W8: 40 | X8: =1/POWER(1.14+2*LOG10((W8/1000)/($K$21/1000)),2) -> 0.040875226 | Y8: =0.00638*X8*POWER($F$17,2)/(POWER(W8/1000,5)*$K$20) -> 0 | Z8: =V8 -> 0 | AA8: 32 | AH8: =IF(AJ8>$AF$5,TRUE,FALSE) -> TRUE | AI8: 25 | AJ8: 10 | AK8: =IF(AM8>$AF$5,TRUE,FALSE) -> TRUE | AL8: 25 | AM8: 10 | AN8: =IF(AP8>$AF$5,TRUE,FALSE) -> TRUE | AO8: 25 | AP8: 10 | AX8: =IF($F$17<AY8,TRUE,FALSE) -> TRUE | AY8: 20 | AZ8: "Пульсар" Т 50 | BB8: =IF(AND(BC8=1,BE8=1),TRUE,FALSE) -> TRUE | BC8: =IF(BD8>$B$4,1,0) -> 1 | BD8: 0.03 | BE8: =IF(BF8>$F$11,1,0) -> 1 | BF8: 6 | BG8: НН14-16/1 | BM8: =IF($F$5=BO8,TRUE,FALSE) -> #N/A | BN8: 05 | BO8: 40 | BQ8: =IF($F$7=BT8,TRUE,FALSE) -> FALSE | BR8: 05 | BS8: 15 | BT8: 4 | BZ8: =IF($F$12=CB8,TRUE,FALSE) -> FALSE | CA8: 05 | CB8: 40 | CD8: =IF($F$15=CF8,TRUE,FALSE) -> FALSE | CE8: 05 | CF8: 40 | CH8: =IF($F$18=CJ8,TRUE,FALSE) -> #N/A | CI8: 05 | CJ8: 40 | CL8: =IF($F$22=CN8,TRUE,FALSE) -> #N/A | CM8: 05 | CN8: 40 | CP8: =IF($E$19=CR8,TRUE,FALSE) -> FALSE | CQ8: 5 | CR8: "Пульсар" М 40 | DF8: =IF($E$9=DH8,TRUE,FALSE) -> FALSE | DG8: 04 | DH8: НН14-16/2
A9: Р1 | B9: ='ОЛ(4)'!W13*100 -> 60 | C9: м.в.ст. | E9: =VLOOKUP(TRUE,BB4:BG93,6,FALSE) -> НН14-16/1 | I9: =IF($B$11<12,(IF((L9>4)*AND(L9<16),2,0)),IF((L9>4)*AND(L9<20),2,0)) -> 0 | J9: 50 | K9: =1/POWER(1.14+2*LOG10((J9/1000)/($K$21/1000)),2) -> 0.037850687 | L9: =0.00638*K9*POWER($F$4,2)/(POWER(J9/1000,5)*$K$20) -> 0 | N9: =IF((Q9>4)*AND(Q9<18),1,0) -> 1 | O9: 50 | P9: =1/POWER(1.14+2*LOG10((O9/1000)/($K$21/1000)),2) -> 0.037850687 | Q9: =0.00638*P9*POWER($F$11,2)/(POWER(O9/1000,5)*$K$20) -> 10.661842 | R9: =IF((U9>4)*AND(U9<16),1,0) -> 1 | S9: 50 | T9: =1/POWER(1.14+2*LOG10((S9/1000)/($K$21/1000)),2) -> 0.037850687 | U9: =0.00638*T9*POWER($F$14,2)/(POWER(S9/1000,5)*$K$20) -> 10.661842 | V9: =IF((Y9>4)*AND(Y9<16),1,0) -> 0 | W9: 50 | X9: =1/POWER(1.14+2*LOG10((W9/1000)/($K$21/1000)),2) -> 0.037850687 | Y9: =0.00638*X9*POWER($F$17,2)/(POWER(W9/1000,5)*$K$20) -> 0 | Z9: =V9 -> 0 | AA9: 40 | AH9: =IF(AJ9>$AF$5,TRUE,FALSE) -> TRUE | AI9: 32 | AJ9: 16 | AK9: =IF(AM9>$AF$5,TRUE,FALSE) -> TRUE | AL9: 32 | AM9: 16 | AN9: =IF(AP9>$AF$5,TRUE,FALSE) -> TRUE | AO9: 32 | AP9: 16 | BB9: =IF(AND(BC9=1,BE9=1),TRUE,FALSE) -> FALSE | BC9: =IF(BD9>$B$4,1,0) -> 1 | BD9: 0.04 | BE9: =IF(BF9>$F$11,1,0) -> 0 | BF9: 1.88 | BG9: НН08-16/1 | BM9: =IF($F$5=BO9,TRUE,FALSE) -> #N/A | BN9: 06 | BO9: 50 | BQ9: =IF($F$7=BT9,TRUE,FALSE) -> FALSE | BR9: 06 | BS9: 20 | BT9: 5 | BZ9: =IF($F$12=CB9,TRUE,FALSE) -> TRUE | CA9: 06 | CB9: 50 | CD9: =IF($F$15=CF9,TRUE,FALSE) -> TRUE | CE9: 06 | CF9: 50 | CH9: =IF($F$18=CJ9,TRUE,FALSE) -> #N/A | CI9: 06 | CJ9: 50 | CL9: =IF($F$22=CN9,TRUE,FALSE) -> #N/A | CM9: 06 | CN9: 50 | CP9: =IF($E$19=CR9,TRUE,FALSE) -> FALSE | CQ9: 6 | CR9: "Пульсар" Т 50 | DF9: =IF($E$9=DH9,TRUE,FALSE) -> FALSE | DG9: 05 | DH9: НН19-16/1
A10: Р2 | B10: ='ОЛ(4)'!AC13*100 -> 40 | C10: м.в.ст. | I10: =IF($B$11<12,(IF((L10>4)*AND(L10<16),2,0)),IF((L10>4)*AND(L10<20),2,0)) -> 0 | J10: 65 | K10: =1/POWER(1.14+2*LOG10((J10/1000)/($K$21/1000)),2) -> 0.034705101 | L10: =0.00638*K10*POWER($F$4,2)/(POWER(J10/1000,5)*$K$20) -> 0 | N10: =IF((Q10>4)*AND(Q10<18),1,0) -> 0 | O10: 65 | P10: =1/POWER(1.14+2*LOG10((O10/1000)/($K$21/1000)),2) -> 0.034705101 | Q10: =0.00638*P10*POWER($F$11,2)/(POWER(O10/1000,5)*$K$20) -> 2.632904 | R10: =IF((U10>4)*AND(U10<16),1,0) -> 0 | S10: 65 | T10: =1/POWER(1.14+2*LOG10((S10/1000)/($K$21/1000)),2) -> 0.034705101 | U10: =0.00638*T10*POWER($F$14,2)/(POWER(S10/1000,5)*$K$20) -> 2.632904 | V10: =IF((Y10>4)*AND(Y10<16),1,0) -> 0 | W10: 65 | X10: =1/POWER(1.14+2*LOG10((W10/1000)/($K$21/1000)),2) -> 0.034705101 | Y10: =0.00638*X10*POWER($F$17,2)/(POWER(W10/1000,5)*$K$20) -> 0 | Z10: =V10 -> 0 | AA10: 50 | AH10: =IF(AJ10>$AF$5,TRUE,FALSE) -> TRUE | AI10: 40 | AJ10: 20 | AK10: =IF(AM10>$AF$5,TRUE,FALSE) -> TRUE | AL10: 40 | AM10: 25 | AN10: =IF(AP10>$AF$5,TRUE,FALSE) -> TRUE | AO10: 40 | AP10: 25 | BB10: =IF(AND(BC10=1,BE10=1),TRUE,FALSE) -> TRUE | BC10: =IF(BD10>$B$4,1,0) -> 1 | BD10: 0.04 | BE10: =IF(BF10>$F$11,1,0) -> 1 | BF10: 8 | BG10: НН14-16/1 | BM10: =IF($F$5=BO10,TRUE,FALSE) -> #N/A | BN10: 07 | BO10: 65 | BQ10: =IF($F$7=BT10,TRUE,FALSE) -> FALSE | BR10: 07 | BS10: 20 | BT10: 6.3 | BZ10: =IF($F$12=CB10,TRUE,FALSE) -> FALSE | CA10: 07 | CB10: 65 | CD10: =IF($F$15=CF10,TRUE,FALSE) -> FALSE | CE10: 07 | CF10: 65 | CH10: =IF($F$18=CJ10,TRUE,FALSE) -> #N/A | CI10: 07 | CJ10: 65 | CL10: =IF($F$22=CN10,TRUE,FALSE) -> #N/A | CM10: 07 | CN10: 65 | DF10: =IF($E$9=DH10,TRUE,FALSE) -> FALSE | DG10: 06 | DH10: НН19-16/2
A11: ΔPтс | B11: =B9-B10 -> 20 | C11: м.в.ст. | E11: G2' | F11: ='БОВ (1)'!F4+'БОВ (2)'!F4+'БОВ (3)'!F4 -> 3.6363636 | I11: =IF($B$11<12,(IF((L11>4)*AND(L11<16),2,0)),IF((L11>4)*AND(L11<20),2,0)) -> 0 | J11: 80 | K11: =1/POWER(1.14+2*LOG10((J11/1000)/($K$21/1000)),2) -> 0.032485498 | L11: =0.00638*K11*POWER($F$4,2)/(POWER(J11/1000,5)*$K$20) -> 0 | N11: =IF((Q11>4)*AND(Q11<18),1,0) -> 0 | O11: 80 | P11: =1/POWER(1.14+2*LOG10((O11/1000)/($K$21/1000)),2) -> 0.032485498 | Q11: =0.00638*P11*POWER($F$11,2)/(POWER(O11/1000,5)*$K$20) -> 0.87266605 | R11: =IF((U11>4)*AND(U11<16),1,0) -> 0 | S11: 80 | T11: =1/POWER(1.14+2*LOG10((S11/1000)/($K$21/1000)),2) -> 0.032485498 | U11: =0.00638*T11*POWER($F$14,2)/(POWER(S11/1000,5)*$K$20) -> 0.87266605 | V11: =IF((Y11>4)*AND(Y11<16),1,0) -> 0 | W11: 80 | X11: =1/POWER(1.14+2*LOG10((W11/1000)/($K$21/1000)),2) -> 0.032485498 | Y11: =0.00638*X11*POWER($F$17,2)/(POWER(W11/1000,5)*$K$20) -> 0 | Z11: =V11 -> 0 | AA11: 65 | AH11: =IF(AJ11>$AF$5,TRUE,FALSE) -> TRUE | AI11: 40 | AJ11: 25 | AK11: =IF(AM11>$AF$5,TRUE,FALSE) -> TRUE | AL11: 50 | AM11: 31.5 | AN11: =IF(AP11>$AF$5,TRUE,FALSE) -> TRUE | AO11: 50 | AP11: 40 | BB11: =IF(AND(BC11=1,BE11=1),TRUE,FALSE) -> FALSE | BC11: =IF(BD11>$B$4,1,0) -> 1 | BD11: 0.05 | BE11: =IF(BF11>$F$11,1,0) -> 0 | BF11: 2 | BG11: НН08-16/1 | BM11: =IF($F$5=BO11,TRUE,FALSE) -> #N/A | BN11: 08 | BO11: 80 | BQ11: =IF($F$7=BT11,TRUE,FALSE) -> FALSE | BR11: 08 | BS11: 25 | BT11: 8 | BZ11: =IF($F$12=CB11,TRUE,FALSE) -> FALSE | CA11: 08 | CB11: 80 | CD11: =IF($F$15=CF11,TRUE,FALSE) -> FALSE | CE11: 08 | CF11: 80 | CH11: =IF($F$18=CJ11,TRUE,FALSE) -> #N/A | CI11: 08 | CJ11: 80 | CL11: =IF($F$22=CN11,TRUE,FALSE) -> #N/A | CM11: 08 | CN11: 80 | DF11: =IF($E$9=DH11,TRUE,FALSE) -> FALSE | DG11: 07 | DH11: НН19-16/3
E12: D2' | F12: =VLOOKUP(1,N4:Q17,2,FALSE) -> 50 | I12: =IF($B$11<12,(IF((L12>4)*AND(L12<16),2,0)),IF((L12>4)*AND(L12<20),2,0)) -> 0 | J12: 100 | K12: =1/POWER(1.14+2*LOG10((J12/1000)/($K$21/1000)),2) -> 0.030329451 | L12: =0.00638*K12*POWER($F$4,2)/(POWER(J12/1000,5)*$K$20) -> 0 | N12: =IF((Q12>4)*AND(Q12<18),1,0) -> 0 | O12: 100 | P12: =1/POWER(1.14+2*LOG10((O12/1000)/($K$21/1000)),2) -> 0.030329451 | Q12: =0.00638*P12*POWER($F$11,2)/(POWER(O12/1000,5)*$K$20) -> 0.2669765 | R12: =IF((U12>4)*AND(U12<16),1,0) -> 0 | S12: 100 | T12: =1/POWER(1.14+2*LOG10((S12/1000)/($K$21/1000)),2) -> 0.030329451 | U12: =0.00638*T12*POWER($F$14,2)/(POWER(S12/1000,5)*$K$20) -> 0.2669765 | V12: =IF((Y12>4)*AND(Y12<16),1,0) -> 0 | W12: 100 | X12: =1/POWER(1.14+2*LOG10((W12/1000)/($K$21/1000)),2) -> 0.030329451 | Y12: =0.00638*X12*POWER($F$17,2)/(POWER(W12/1000,5)*$K$20) -> 0 | Z12: =V12 -> 0 | AA12: 80 | AH12: =IF(AJ12>$AF$5,TRUE,FALSE) -> TRUE | AI12: 50 | AJ12: 31.5 | AK12: =IF(AM12>$AF$5,TRUE,FALSE) -> TRUE | AL12: 50 | AM12: 40 | AN12: =IF(AP12>$AF$5,TRUE,FALSE) -> TRUE | AO12: 65 | AP12: 63 | BB12: =IF(AND(BC12=1,BE12=1),TRUE,FALSE) -> TRUE | BC12: =IF(BD12>$B$4,1,0) -> 1 | BD12: 0.05 | BE12: =IF(BF12>$F$11,1,0) -> 1 | BF12: 10 | BG12: НН14-16/1 | BM12: =IF($F$5=BO12,TRUE,FALSE) -> #N/A | BN12: 09 | BO12: 100 | BQ12: =IF($F$7=BT12,TRUE,FALSE) -> FALSE | BR12: 09 | BS12: 25 | BT12: 10 | BZ12: =IF($F$12=CB12,TRUE,FALSE) -> FALSE | CA12: 09 | CB12: 100 | CD12: =IF($F$15=CF12,TRUE,FALSE) -> FALSE | CE12: 09 | CF12: 100 | CH12: =IF($F$18=CJ12,TRUE,FALSE) -> #N/A | CI12: 09 | CJ12: 100 | CL12: =IF($F$22=CN12,TRUE,FALSE) -> #N/A | CM12: 09 | CN12: 100 | DF12: =IF($E$9=DH12,TRUE,FALSE) -> FALSE | DG12: 08 | DH12: НН19-16/4
I13: =IF($B$11<12,(IF((L13>4)*AND(L13<16),2,0)),IF((L13>4)*AND(L13<20),2,0)) -> 0 | J13: 125 | K13: =1/POWER(1.14+2*LOG10((J13/1000)/($K$21/1000)),2) -> 0.028381136 | L13: =0.00638*K13*POWER($F$4,2)/(POWER(J13/1000,5)*$K$20) -> 0 | N13: =IF((Q13>4)*AND(Q13<18),1,0) -> 0 | O13: 125 | P13: =1/POWER(1.14+2*LOG10((O13/1000)/($K$21/1000)),2) -> 0.028381136 | Q13: =0.00638*P13*POWER($F$11,2)/(POWER(O13/1000,5)*$K$20) -> 0.081863101 | R13: =IF((U13>4)*AND(U13<16),1,0) -> 0 | S13: 125 | T13: =1/POWER(1.14+2*LOG10((S13/1000)/($K$21/1000)),2) -> 0.028381136 | U13: =0.00638*T13*POWER($F$14,2)/(POWER(S13/1000,5)*$K$20) -> 0.081863101 | V13: =IF((Y13>4)*AND(Y13<16),1,0) -> 0 | W13: 125 | X13: =1/POWER(1.14+2*LOG10((W13/1000)/($K$21/1000)),2) -> 0.028381136 | Y13: =0.00638*X13*POWER($F$17,2)/(POWER(W13/1000,5)*$K$20) -> 0 | Z13: =V13 -> 0 | AA13: 100 | AH13: =IF(AJ13>$AF$5,TRUE,FALSE) -> TRUE | AI13: 50 | AJ13: 40 | AK13: =IF(AM13>$AF$5,TRUE,FALSE) -> TRUE | AL13: 65 | AM13: 50 | AN13: =IF(AP13>$AF$5,TRUE,FALSE) -> TRUE | AO13: 80 | AP13: 100 | BB13: =IF(AND(BC13=1,BE13=1),TRUE,FALSE) -> FALSE | BC13: =IF(BD13>$B$4,1,0) -> 1 | BD13: 0.06 | BE13: =IF(BF13>$F$11,1,0) -> 0 | BF13: 1.78 | BG13: НН08-16/1 | BM13: =IF($F$5=BO13,TRUE,FALSE) -> #N/A | BN13: 10 | BO13: 125 | BQ13: =IF($F$7=BT13,TRUE,FALSE) -> FALSE | BR13: 10 | BS13: 32 | BT13: 12.5 | BZ13: =IF($F$12=CB13,TRUE,FALSE) -> FALSE | CA13: 10 | CB13: 125 | CD13: =IF($F$15=CF13,TRUE,FALSE) -> FALSE | CE13: 10 | CF13: 125 | CH13: =IF($F$18=CJ13,TRUE,FALSE) -> #N/A | CI13: 10 | CJ13: 125 | CL13: =IF($F$22=CN13,TRUE,FALSE) -> #N/A | CM13: 10 | CN13: 125 | DF13: =IF($E$9=DH13,TRUE,FALSE) -> FALSE | DG13: 09 | DH13: НН19-16/5
A14: Клапан | B14: ='ОЛ(4)'!O36 -> 0 | E14: G2 | F14: =F4+F11 -> 3.6363636 | I14: =IF($B$11<12,(IF((L14>4)*AND(L14<16),2,0)),IF((L14>4)*AND(L14<20),2,0)) -> 0 | J14: 150 | K14: =1/POWER(1.14+2*LOG10((J14/1000)/($K$21/1000)),2) -> 0.026925299 | L14: =0.00638*K14*POWER($F$4,2)/(POWER(J14/1000,5)*$K$20) -> 0 | N14: =IF((Q14>4)*AND(Q14<18),1,0) -> 0 | O14: 150 | P14: =1/POWER(1.14+2*LOG10((O14/1000)/($K$21/1000)),2) -> 0.026925299 | Q14: =0.00638*P14*POWER($F$11,2)/(POWER(O14/1000,5)*$K$20) -> 0.031211362 | R14: =IF((U14>4)*AND(U14<16),1,0) -> 0 | S14: 150 | T14: =1/POWER(1.14+2*LOG10((S14/1000)/($K$21/1000)),2) -> 0.026925299 | U14: =0.00638*T14*POWER($F$14,2)/(POWER(S14/1000,5)*$K$20) -> 0.031211362 | V14: =IF((Y14>4)*AND(Y14<16),1,0) -> 0 | W14: 150 | X14: =1/POWER(1.14+2*LOG10((W14/1000)/($K$21/1000)),2) -> 0.026925299 | Y14: =0.00638*X14*POWER($F$17,2)/(POWER(W14/1000,5)*$K$20) -> 0 | Z14: =V14 -> 0 | AA14: 125 | AH14: =IF(AJ14>$AF$5,TRUE,FALSE) -> TRUE | AI14: 65 | AJ14: 50 | AK14: =IF(AM14>$AF$5,TRUE,FALSE) -> TRUE | AL14: 65 | AM14: 63 | AN14: =IF(AP14>$AF$5,TRUE,FALSE) -> TRUE | AO14: 100 | AP14: 160 | BB14: =IF(AND(BC14=1,BE14=1),TRUE,FALSE) -> TRUE | BC14: =IF(BD14>$B$4,1,0) -> 1 | BD14: 0.06 | BE14: =IF(BF14>$F$11,1,0) -> 1 | BF14: 12 | BG14: НН14-16/1 | BM14: =IF($F$5=BO14,TRUE,FALSE) -> #N/A | BN14: 11 | BO14: 150 | BQ14: =IF($F$7=BT14,TRUE,FALSE) -> FALSE | BR14: 11 | BS14: 32 | BT14: 16 | BZ14: =IF($F$12=CB14,TRUE,FALSE) -> FALSE | CA14: 11 | CB14: 150 | CD14: =IF($F$15=CF14,TRUE,FALSE) -> FALSE | CE14: 11 | CF14: 150 | CH14: =IF($F$18=CJ14,TRUE,FALSE) -> #N/A | CI14: 11 | CJ14: 150 | CL14: =IF($F$22=CN14,TRUE,FALSE) -> #N/A | CM14: 11 | CN14: 150 | DF14: =IF($E$9=DH14,TRUE,FALSE) -> FALSE | DG14: 10 | DH14: НН21-16/2
A15: Насос | B15: ='ОЛ(4)'!I36 -> 0 | E15: D2 | F15: =VLOOKUP(1,R4:U17,2,FALSE) -> 50 | I15: =IF($B$11<12,(IF((L15>4)*AND(L15<16),2,0)),IF((L15>4)*AND(L15<20),2,0)) -> 0 | J15: 200 | K15: =1/POWER(1.14+2*LOG10((J15/1000)/($K$21/1000)),2) -> 0.024846043 | L15: =0.00638*K15*POWER($F$4,2)/(POWER(J15/1000,5)*$K$20) -> 0 | N15: =IF((Q15>4)*AND(Q15<18),1,0) -> 0 | O15: 200 | P15: =1/POWER(1.14+2*LOG10((O15/1000)/($K$21/1000)),2) -> 0.024846043 | Q15: =0.00638*P15*POWER($F$11,2)/(POWER(O15/1000,5)*$K$20) -> 0.0068346414 | R15: =IF((U15>4)*AND(U15<16),1,0) -> 0 | S15: 200 | T15: =1/POWER(1.14+2*LOG10((S15/1000)/($K$21/1000)),2) -> 0.024846043 | U15: =0.00638*T15*POWER($F$14,2)/(POWER(S15/1000,5)*$K$20) -> 0.0068346414 | V15: =IF((Y15>4)*AND(Y15<16),1,0) -> 0 | W15: 200 | X15: =1/POWER(1.14+2*LOG10((W15/1000)/($K$21/1000)),2) -> 0.024846043 | Y15: =0.00638*X15*POWER($F$17,2)/(POWER(W15/1000,5)*$K$20) -> 0 | Z15: =V15 -> 0 | AA15: 150 | AH15: =IF(AJ15>$AF$5,TRUE,FALSE) -> TRUE | AI15: 65 | AJ15: 63 | AK15: =IF(AM15>$AF$5,TRUE,FALSE) -> TRUE | AL15: 80 | AM15: 80 | AN15: =IF(AP15>$AF$5,TRUE,FALSE) -> TRUE | AO15: 125 | AP15: 250 | BB15: =IF(AND(BC15=1,BE15=1),TRUE,FALSE) -> FALSE | BC15: =IF(BD15>$B$4,1,0) -> 1 | BD15: 0.07 | BE15: =IF(BF15>$F$11,1,0) -> 0 | BF15: 1.5 | BG15: НН08-16/1 | BM15: =IF($F$5=BO15,TRUE,FALSE) -> #N/A | BN15: 12 | BO15: 200 | BQ15: =IF($F$7=BT15,TRUE,FALSE) -> FALSE | BR15: 12 | BS15: 40 | BT15: 20 | BZ15: =IF($F$12=CB15,TRUE,FALSE) -> FALSE | CA15: 12 | CB15: 200 | CD15: =IF($F$15=CF15,TRUE,FALSE) -> FALSE | CE15: 12 | CF15: 200 | CH15: =IF($F$18=CJ15,TRUE,FALSE) -> #N/A | CI15: 12 | CJ15: 200 | CL15: =IF($F$22=CN15,TRUE,FALSE) -> #N/A | CM15: 12 | CN15: 200 | DF15: =IF($E$9=DH15,TRUE,FALSE) -> FALSE | DG15: 11 | DH15: НН21-16/3
A16: Контр. | B16: ='ОЛ(4)'!U36 -> 0 | I16: =IF($B$11<12,(IF((L16>4)*AND(L16<16),2,0)),IF((L16>4)*AND(L16<20),2,0)) -> 0 | J16: 250 | K16: =1/POWER(1.14+2*LOG10((J16/1000)/($K$21/1000)),2) -> 0.023394735 | L16: =0.00638*K16*POWER($F$4,2)/(POWER(J16/1000,5)*$K$20) -> 0 | N16: =IF((Q16>4)*AND(Q16<18),1,0) -> 0 | O16: 250 | P16: =1/POWER(1.14+2*LOG10((O16/1000)/($K$21/1000)),2) -> 0.023394735 | Q16: =0.00638*P16*POWER($F$11,2)/(POWER(O16/1000,5)*$K$20) -> 0.0021087572 | R16: =IF((U16>4)*AND(U16<16),1,0) -> 0 | S16: 250 | T16: =1/POWER(1.14+2*LOG10((S16/1000)/($K$21/1000)),2) -> 0.023394735 | U16: =0.00638*T16*POWER($F$14,2)/(POWER(S16/1000,5)*$K$20) -> 0.0021087572 | V16: =IF((Y16>4)*AND(Y16<16),1,0) -> 0 | W16: 250 | X16: =1/POWER(1.14+2*LOG10((W16/1000)/($K$21/1000)),2) -> 0.023394735 | Y16: =0.00638*X16*POWER($F$17,2)/(POWER(W16/1000,5)*$K$20) -> 0 | Z16: =V16 -> 0 | AA16: 200 | AH16: =IF(AJ16>$AF$5,TRUE,FALSE) -> TRUE | AI16: 80 | AJ16: 80 | AK16: =IF(AM16>$AF$5,TRUE,FALSE) -> TRUE | AL16: 80 | AM16: 100 | AN16: =IF(AP16>$AF$5,TRUE,FALSE) -> TRUE | AO16: 150 | AP16: 400 | BB16: =IF(AND(BC16=1,BE16=1),TRUE,FALSE) -> FALSE | BC16: =IF(BD16>$B$4,1,0) -> 1 | BD16: 0.07 | BE16: =IF(BF16>$F$11,1,0) -> 0 | BF16: 1.7 | BG16: НН08-16/2 | BQ16: =IF($F$7=BT16,TRUE,FALSE) -> FALSE | BR16: 13 | BS16: 40 | BT16: 25 | DF16: =IF($E$9=DH16,TRUE,FALSE) -> FALSE | DG16: 12 | DH16: НН47-16/2
A17: ША | B17: ='ОЛ(4)'!AA36 -> 0 | E17: G3 | F17: =B4*1000/(B7-B8) -> 0 | I17: =IF($B$11<12,(IF((L17>4)*AND(L17<16),2,0)),IF((L17>4)*AND(L17<20),2,0)) -> 0 | J17: 300 | K17: =1/POWER(1.14+2*LOG10((J17/1000)/($K$21/1000)),2) -> 0.022301284 | L17: =0.00638*K17*POWER($F$4,2)/(POWER(J17/1000,5)*$K$20) -> 0 | N17: =IF((Q17>4)*AND(Q17<18),1,0) -> 0 | O17: 300 | P17: =1/POWER(1.14+2*LOG10((O17/1000)/($K$21/1000)),2) -> 0.022301284 | Q17: =0.00638*P17*POWER($F$11,2)/(POWER(O17/1000,5)*$K$20) -> 0.00080785252 | R17: =IF((U17>4)*AND(U17<16),1,0) -> 0 | S17: 300 | T17: =1/POWER(1.14+2*LOG10((S17/1000)/($K$21/1000)),2) -> 0.022301284 | U17: =0.00638*T17*POWER($F$14,2)/(POWER(S17/1000,5)*$K$20) -> 0.00080785252 | V17: =IF((Y17>4)*AND(Y17<16),1,0) -> 0 | W17: 300 | X17: =1/POWER(1.14+2*LOG10((W17/1000)/($K$21/1000)),2) -> 0.022301284 | Y17: =0.00638*X17*POWER($F$17,2)/(POWER(W17/1000,5)*$K$20) -> 0 | Z17: =V17 -> 0 | AA17: 250 | AH17: =IF(AJ17>$AF$5,TRUE,FALSE) -> TRUE | AI17: 80 | AJ17: 100 | AK17: =IF(AM17>$AF$5,TRUE,FALSE) -> TRUE | AL17: 100 | AM17: 125 | BB17: =IF(AND(BC17=1,BE17=1),TRUE,FALSE) -> TRUE | BC17: =IF(BD17>$B$4,1,0) -> 1 | BD17: 0.07 | BE17: =IF(BF17>$F$11,1,0) -> 1 | BF17: 14 | BG17: НН14-16/1 | BQ17: =IF($F$7=BT17,TRUE,FALSE) -> FALSE | BR17: 14 | BS17: 50 | BT17: 31.5 | DF17: =IF($E$9=DH17,TRUE,FALSE) -> FALSE | DG17: 13 | DH17: НН41-16/1
E18: D3 | F18: =VLOOKUP(1,V4:Y17,2,FALSE) -> #N/A | AH18: =IF(AJ18>$AF$5,TRUE,FALSE) -> TRUE | AI18: 100 | AJ18: 125 | AK18: =IF(AM18>$AF$5,TRUE,FALSE) -> TRUE | AL18: 100 | AM18: 160 | BB18: =IF(AND(BC18=1,BE18=1),TRUE,FALSE) -> FALSE | BC18: =IF(BD18>$B$4,1,0) -> 1 | BD18: 0.08 | BE18: =IF(BF18>$F$11,1,0) -> 0 | BF18: 1.2 | BG18: НН08-16/2 | BQ18: =IF($F$7=BT18,TRUE,FALSE) -> FALSE | BR18: 15 | BS18: 50 | BT18: 40 | DF18: =IF($E$9=DH18,TRUE,FALSE) -> FALSE | DG18: 14 | DH18: НН41-16/2
E19: =VLOOKUP(TRUE,AX3:AZ9,3,FALSE) -> "Пульсар" 15 | AH19: =IF(AJ19>$AF$5,TRUE,FALSE) -> TRUE | AI19: 100 | AJ19: 160 | AK19: =IF(AM19>$AF$5,TRUE,FALSE) -> TRUE | AL19: 125 | AM19: 200 | BB19: =IF(AND(BC19=1,BE19=1),TRUE,FALSE) -> TRUE | BC19: =IF(BD19>$B$4,1,0) -> 1 | BD19: 0.08 | BE19: =IF(BF19>$F$11,1,0) -> 1 | BF19: 16 | BG19: НН14-16/1 | BQ19: =IF($F$7=BT19,TRUE,FALSE) -> FALSE | BR19: 16 | BS19: 65 | BT19: 50 | DF19: =IF($E$9=DH19,TRUE,FALSE) -> FALSE | DG19: 15 | DH19: НН41-16/3
J20: g | K20: 958.4 | AH20: =IF(AJ20>$AF$5,TRUE,FALSE) -> TRUE | AI20: 125 | AJ20: 250 | AK20: =IF(AM20>$AF$5,TRUE,FALSE) -> TRUE | AL20: 125 | AM20: 250 | BB20: =IF(AND(BC20=1,BE20=1),TRUE,FALSE) -> TRUE | BC20: =IF(BD20>$B$4,1,0) -> 1 | BD20: 0.09 | BE20: =IF(BF20>$F$11,1,0) -> 1 | BF20: 17 | BG20: НН14-16/1 | BQ20: =IF($F$7=BT20,TRUE,FALSE) -> FALSE | BR20: 17 | BS20: 65 | BT20: 63
E21: G4 | F21: =3.6*B4*1.163/0.42 -> 0 | J21: kэ | K21: 0.5 | AH21: =IF(AJ21>$AF$5,TRUE,FALSE) -> TRUE | AI21: 150 | AJ21: 315 | AK21: =IF(AM21>$AF$5,TRUE,FALSE) -> TRUE | AL21: 150 | AM21: 315 | BB21: =IF(AND(BC21=1,BE21=1),TRUE,FALSE) -> TRUE | BC21: =IF(BD21>$B$4,1,0) -> 1 | BD21: 0.09 | BE21: =IF(BF21>$F$11,1,0) -> 1 | BF21: 18 | BG21: НН14-16/2 | BQ21: =IF($F$7=BT21,TRUE,FALSE) -> FALSE | BR21: 18 | BS21: 80 | BT21: 80
E22: D4 | F22: =VLOOKUP(1,Z4:AC17,2,FALSE) -> #N/A | AK22: =IF(AM22>$AF$5,TRUE,FALSE) -> TRUE | AL22: 150 | AM22: 400 | BB22: =IF(AND(BC22=1,BE22=1),TRUE,FALSE) -> TRUE | BC22: =IF(BD22>$B$4,1,0) -> 1 | BD22: 0.1 | BE22: =IF(BF22>$F$11,1,0) -> 1 | BF22: 16 | BG22: НН14-16/1 | BQ22: =IF($F$7=BT22,TRUE,FALSE) -> FALSE | BR22: 19 | BS22: 80 | BT22: 100
E23: Gнас | F23: =F21 -> 0 | BB23: =IF(AND(BC23=1,BE23=1),TRUE,FALSE) -> TRUE | BC23: =IF(BD23>$B$4,1,0) -> 1 | BD23: 0.1 | BE23: =IF(BF23>$F$11,1,0) -> 1 | BF23: 20 | BG23: НН14-16/2 | BQ23: =IF($F$7=BT23,TRUE,FALSE) -> FALSE | BR23: 20 | BS23: 100 | BT23: 125
E24: =VLOOKUP(TRUE,IF(B15="Stratos-Z",AS4:AT8,IF(B15="Yonos MAXO-Z",AU4:AV8,FALSE)),2,FALSE) -> #N/A | BB24: =IF(AND(BC24=1,BE24=1),TRUE,FALSE) -> TRUE | BC24: =IF(BD24>$B$4,1,0) -> 1 | BD24: 0.15 | BE24: =IF(BF24>$F$11,1,0) -> 1 | BF24: 15 | BG24: НН19-16/1 | BQ24: =IF($F$7=BT24,TRUE,FALSE) -> FALSE | BR24: 21 | BS24: 100 | BT24: 160
BB25: =IF(AND(BC25=1,BE25=1),TRUE,FALSE) -> TRUE | BC25: =IF(BD25>$B$4,1,0) -> 1 | BD25: 0.15 | BE25: =IF(BF25>$F$11,1,0) -> 1 | BF25: 29.3 | BG25: НН19-16/2 | BQ25: =IF($F$7=BT25,TRUE,FALSE) -> FALSE | BR25: 22 | BS25: 125 | BT25: 250
BB26: =IF(AND(BC26=1,BE26=1),TRUE,FALSE) -> TRUE | BC26: =IF(BD26>$B$4,1,0) -> 1 | BD26: 0.15 | BE26: =IF(BF26>$F$11,1,0) -> 1 | BF26: 30 | BG26: НН19-16/3 | BQ26: =IF($F$7=BT26,TRUE,FALSE) -> FALSE | BR26: 23 | BS26: 150 | BT26: 315
BB27: =IF(AND(BC27=1,BE27=1),TRUE,FALSE) -> TRUE | BC27: =IF(BD27>$B$4,1,0) -> 1 | BD27: 0.2 | BE27: =IF(BF27>$F$11,1,0) -> 1 | BF27: 11 | BG27: НН19-16/1
BB28: =IF(AND(BC28=1,BE28=1),TRUE,FALSE) -> TRUE | BC28: =IF(BD28>$B$4,1,0) -> 1 | BD28: 0.2 | BE28: =IF(BF28>$F$11,1,0) -> 1 | BF28: 26 | BG28: НН19-16/2
BB29: =IF(AND(BC29=1,BE29=1),TRUE,FALSE) -> TRUE | BC29: =IF(BD29>$B$4,1,0) -> 1 | BD29: 0.2 | BE29: =IF(BF29>$F$11,1,0) -> 1 | BF29: 38 | BG29: НН19-16/3
BB30: =IF(AND(BC30=1,BE30=1),TRUE,FALSE) -> TRUE | BC30: =IF(BD30>$B$4,1,0) -> 1 | BD30: 0.2 | BE30: =IF(BF30>$F$11,1,0) -> 1 | BF30: 40 | BG30: НН19-16/4
BB31: =IF(AND(BC31=1,BE31=1),TRUE,FALSE) -> TRUE | BC31: =IF(BD31>$B$4,1,0) -> 1 | BD31: 0.25 | BE31: =IF(BF31>$F$11,1,0) -> 1 | BF31: 23 | BG31: НН19-16/2
BB32: =IF(AND(BC32=1,BE32=1),TRUE,FALSE) -> TRUE | BC32: =IF(BD32>$B$4,1,0) -> 1 | BD32: 0.25 | BE32: =IF(BF32>$F$11,1,0) -> 1 | BF32: 36 | BG32: НН19-16/3
BB33: =IF(AND(BC33=1,BE33=1),TRUE,FALSE) -> TRUE | BC33: =IF(BD33>$B$4,1,0) -> 1 | BD33: 0.25 | BE33: =IF(BF33>$F$11,1,0) -> 1 | BF33: 45 | BG33: НН19-16/4
BB34: =IF(AND(BC34=1,BE34=1),TRUE,FALSE) -> TRUE | BC34: =IF(BD34>$B$4,1,0) -> 1 | BD34: 0.25 | BE34: =IF(BF34>$F$11,1,0) -> 1 | BF34: 50 | BG34: НН21-16/2
BB35: =IF(AND(BC35=1,BE35=1),TRUE,FALSE) -> TRUE | BC35: =IF(BD35>$B$4,1,0) -> 1 | BD35: 0.3 | BE35: =IF(BF35>$F$11,1,0) -> 1 | BF35: 21 | BG35: НН19-16/2
BB36: =IF(AND(BC36=1,BE36=1),TRUE,FALSE) -> TRUE | BC36: =IF(BD36>$B$4,1,0) -> 1 | BD36: 0.3 | BE36: =IF(BF36>$F$11,1,0) -> 1 | BF36: 33 | BG36: НН19-16/3
BB37: =IF(AND(BC37=1,BE37=1),TRUE,FALSE) -> TRUE | BC37: =IF(BD37>$B$4,1,0) -> 1 | BD37: 0.3 | BE37: =IF(BF37>$F$11,1,0) -> 1 | BF37: 45 | BG37: НН19-16/4
BB38: =IF(AND(BC38=1,BE38=1),TRUE,FALSE) -> TRUE | BC38: =IF(BD38>$B$4,1,0) -> 1 | BD38: 0.3 | BE38: =IF(BF38>$F$11,1,0) -> 1 | BF38: 46 | BG38: НН19-16/5
... BB67: =IF(AND(BC67=1,BE67=1),TRUE,FALSE) -> TRUE | BC67: =IF(BD67>$B$4,1,0) -> 1 | BD67: 0.6 | BE67: =IF(BF67>$F$11,1,0) -> 1 | BF67: 55 | BG67: НН41-16/1
BB68: =IF(AND(BC68=1,BE68=1),TRUE,FALSE) -> TRUE | BC68: =IF(BD68>$B$4,1,0) -> 1 | BD68: 0.6 | BE68: =IF(BF68>=$F$11,1,0) -> 1 | BF68: 120 | BG68: НН41-16/2
BB69: =IF(AND(BC69=1,BE69=1),TRUE,FALSE) -> TRUE | BC69: =IF(BD69>$B$4,1,0) -> 1 | BD69: 0.65 | BE69: =IF(BF69>$F$11,1,0) -> 1 | BF69: 30 | BG69: НН19-16/4
BB70: =IF(AND(BC70=1,BE70=1),TRUE,FALSE) -> TRUE | BC70: =IF(BD70>$B$4,1,0) -> 1 | BD70: 0.65 | BE70: =IF(BF70>$F$11,1,0) -> 1 | BF70: 41 | BG70: НН19-16/5
BB71: =IF(AND(BC71=1,BE71=1),TRUE,FALSE) -> TRUE | BC71: =IF(BD71>$B$4,1,0) -> 1 | BD71: 0.65 | BE71: =IF(BF71>$F$11,1,0) -> 1 | BF71: 51 | BG71: НН41-16/1
BB72: =IF(AND(BC72=1,BE72=1),TRUE,FALSE) -> TRUE | BC72: =IF(BD72>$B$4,1,0) -> 1 | BD72: 0.65 | BE72: =IF(BF72>=$F$11,1,0) -> 1 | BF72: 120 | BG72: НН41-16/2
BB73: =IF(AND(BC73=1,BE73=1),TRUE,FALSE) -> TRUE | BC73: =IF(BD73>$B$4,1,0) -> 1 | BD73: 0.7 | BE73: =IF(BF73>$F$11,1,0) -> 1 | BF73: 40 | BG73: НН19-16/5
BB74: =IF(AND(BC74=1,BE74=1),TRUE,FALSE) -> TRUE | BC74: =IF(BD74>$B$4,1,0) -> 1 | BD74: 0.7 | BE74: =IF(BF74>$F$11,1,0) -> 1 | BF74: 45 | BG74: НН41-16/1
BB75: =IF(AND(BC75=1,BE75=1),TRUE,FALSE) -> TRUE | BC75: =IF(BD75>$B$4,1,0) -> 1 | BD75: 0.7 | BE75: =IF(BF75>=$F$11,1,0) -> 1 | BF75: 120 | BG75: НН41-16/2
BB76: =IF(AND(BC76=1,BE76=1),TRUE,FALSE) -> TRUE | BC76: =IF(BD76>$B$4,1,0) -> 1 | BD76: 0.75 | BE76: =IF(BF76>$F$11,1,0) -> 1 | BF76: 41 | BG76: НН19-16/5
BB77: =IF(AND(BC77=1,BE77=1),TRUE,FALSE) -> TRUE | BC77: =IF(BD77>$B$4,1,0) -> 1 | BD77: 0.75 | BE77: =IF(BF77>=$F$11,1,0) -> 1 | BF77: 120 | BG77: НН41-16/2
BB78: =IF(AND(BC78=1,BE78=1),TRUE,FALSE) -> TRUE | BC78: =IF(BD78>$B$4,1,0) -> 1 | BD78: 0.8 | BE78: =IF(BF78>$F$11,1,0) -> 1 | BF78: 40 | BG78: НН19-16/5
BB79: =IF(AND(BC79=1,BE79=1),TRUE,FALSE) -> TRUE | BC79: =IF(BD79>$B$4,1,0) -> 1 | BD79: 0.8 | BE79: =IF(BF79>$F$11,1,0) -> 1 | BF79: 117 | BG79: НН41-16/2
BB80: =IF(AND(BC80=1,BE80=1),TRUE,FALSE) -> TRUE | BC80: =IF(BD80>$B$4,1,0) -> 1 | BD80: 0.8 | BE80: =IF(BF80>=$F$11,1,0) -> 1 | BF80: 120 | BG80: НН41-16/3
BB81: =IF(AND(BC81=1,BE81=1),TRUE,FALSE) -> TRUE | BC81: =IF(BD81>$B$4,1,0) -> 1 | BD81: 0.85 | BE81: =IF(BF81>$F$11,1,0) -> 1 | BF81: 39 | BG81: НН19-16/5
BB82: =IF(AND(BC82=1,BE82=1),TRUE,FALSE) -> TRUE | BC82: =IF(BD82>$B$4,1,0) -> 1 | BD82: 0.85 | BE82: =IF(BF82>$F$11,1,0) -> 1 | BF82: 114 | BG82: НН41-16/2
BB83: =IF(AND(BC83=1,BE83=1),TRUE,FALSE) -> TRUE | BC83: =IF(BD83>$B$4,1,0) -> 1 | BD83: 0.85 | BE83: =IF(BF83>=$F$11,1,0) -> 1 | BF83: 120 | BG83: НН41-16/3
BB84: =IF(AND(BC84=1,BE84=1),TRUE,FALSE) -> TRUE | BC84: =IF(BD84>$B$4,1,0) -> 1 | BD84: 0.9 | BE84: =IF(BF84>$F$11,1,0) -> 1 | BF84: 37 | BG84: НН19-16/5
BB85: =IF(AND(BC85=1,BE85=1),TRUE,FALSE) -> TRUE | BC85: =IF(BD85>$B$4,1,0) -> 1 | BD85: 0.9 | BE85: =IF(BF85>$F$11,1,0) -> 1 | BF85: 43 | BG85: НН47-16/2
BB86: =IF(AND(BC86=1,BE86=1),TRUE,FALSE) -> TRUE | BC86: =IF(BD86>$B$4,1,0) -> 1 | BD86: 0.9 | BE86: =IF(BF86>$F$11,1,0) -> 1 | BF86: 110 | BG86: НН41-16/2
BB87: =IF(AND(BC87=1,BE87=1),TRUE,FALSE) -> TRUE | BC87: =IF(BD87>$B$4,1,0) -> 1 | BD87: 0.9 | BE87: =IF(BF87>=$F$11,1,0) -> 1 | BF87: 120 | BG87: НН41-16/3
BB88: =IF(AND(BC88=1,BE88=1),TRUE,FALSE) -> TRUE | BC88: =IF(BD88>$B$4,1,0) -> 1 | BD88: 0.95 | BE88: =IF(BF88>$F$11,1,0) -> 1 | BF88: 44 | BG88: НН47-16/2
BB89: =IF(AND(BC89=1,BE89=1),TRUE,FALSE) -> TRUE | BC89: =IF(BD89>$B$4,1,0) -> 1 | BD89: 0.95 | BE89: =IF(BF89>$F$11,1,0) -> 1 | BF89: 106 | BG89: НН41-16/2
BB90: =IF(AND(BC90=1,BE90=1),TRUE,FALSE) -> TRUE | BC90: =IF(BD90>$B$4,1,0) -> 1 | BD90: 0.95 | BE90: =IF(BF90>=$F$11,1,0) -> 1 | BF90: 120 | BG90: НН41-16/3
BB91: =IF(AND(BC91=1,BE91=1),TRUE,FALSE) -> TRUE | BC91: =IF(BD91>=$B$4,1,0) -> 1 | BD91: 1 | BE91: =IF(BF91>$F$11,1,0) -> 1 | BF91: 41 | BG91: НН47-16/2
BB92: =IF(AND(BC92=1,BE92=1),TRUE,FALSE) -> TRUE | BC92: =IF(BD92>=$B$4,1,0) -> 1 | BD92: 1 | BE92: =IF(BF92>$F$11,1,0) -> 1 | BF92: 101 | BG92: НН41-16/2
BB93: =IF(AND(BC93=1,BE93=1),TRUE,FALSE) -> TRUE | BC93: =IF(BD93>=$B$4,1,0) -> 1 | BD93: 1 | BE93: =IF(BF93>=$F$11,1,0) -> 1 | BF93: 120 | BG93: НН41-16/3

Sheet БВ
B2: БВ | I2: Диаметр трубопровода | R2: Клапан | AC2: Клапан балансир | AL2: Расходомеры | AZ2: Х1 | BD2: Х2 | BH2: Х3 | BL2: Х4 | BP2: Х5 | BS2: Х6 | BZ2: Х7 | CD2: Х8 | CH2: Х9
J3: D1 | K3: l | L3: h | N3: D94 | O3: l | P3: h | U3: Вогез | Y3: Danfoss | AE3: Danfoss | AH3: IMI Hydronic | AL3: =IF($F$4<AM3,TRUE,FALSE) -> FALSE | AM3: 2 | AN3: РС20-6 | AO3: =IF($F$14<AP3,TRUE,FALSE) -> TRUE | AP3: 2 | AQ3: РС20-6 | AZ3: № | BA3: Схема | BC3: Т1/Т2 | BD3: № | BE3: Ду | BG3: Т94 | BH3: № | BI3: Ду | BK3: Расход. Т1 | BL3: № | BM3: Тип | BO3: Расход. Т94 | BP3: № | BQ3: Тип | BT3: № | BU3: Вогез | BW3: № | BX3: Danfoss | CA3: № | CB3: Клапан | CD3: Балансир | CE3: № | CF3: Ду | CI3: № | CJ3: Балансир
E4: G1 | F4: =IF('БГ-С'!B4=0,('БОВ (1)'!F4+'БОВ (2)'!F4+'БОВ (3)'!F4+БГ!F4),'БГ-С'!F14) -> 3.6363636 | I4: =IF($B$9<12,(IF((L4>4)*AND(L4<16),2,0)),IF((L4>4)*AND(L4<20),2,0)) -> 0 | J4: 15 | K4: =1/POWER(1.14+2*LOG10((J4/1000)/($K$21/1000)),2) -> 0.059655827 | L4: =0.00638*K4*POWER($F$4,2)/(POWER(J4/1000,5)*$K$20) -> 6915.2051 | M4: =IF($B$9<12,(IF((P4>4)*AND(P4<16),2,0)),IF((P4>4)*AND(P4<20),2,0)) -> 0 | N4: 15 | O4: =1/POWER(1.14+2*LOG10((N4/1000)/($K$21/1000)),2) -> 0.059655827 | P4: =0.00638*O4*POWER($F$14,2)/(POWER(N4/1000,5)*$K$20) -> 79.542579 | R4: ΔPкл | S4: 3 | U4: =IF(X4>$S$5,TRUE,FALSE) -> FALSE | V4: 15-1,6 | W4: 15 | X4: 1.6 | Y4: =IF(AB4>$S$5,TRUE,FALSE) -> FALSE | Z4: 15-4,0 | AA4: 15 | AB4: 4 | AC4: ΔPклБ | AD4: 1.5 | AE4: =IF(AG4>$AD$5,TRUE,FALSE) -> FALSE | AF4: 15 | AG4: 2.5 | AH4: =IF(AJ4>$AD$5,TRUE,FALSE) -> FALSE | AI4: 15 | AJ4: 2 | AL4: =IF($F$4<AM4,TRUE,FALSE) -> TRUE | AM4: 4 | AN4: РС20-12 | AO4: =IF($F$14<AP4,TRUE,FALSE) -> TRUE | AP4: 4 | AQ4: РС20-12 | AZ4: 1 | BA4: 2-хтрубная | BC4: =IF($F$5=BE4,TRUE,FALSE) -> FALSE | BD4: 01 | BE4: 15 | BG4: =IF($F$15=BI4,TRUE,FALSE) -> FALSE | BH4: 1 | BI4: 15 | BK4: =IF($E$12=BM4,TRUE,FALSE) -> FALSE | BL4: 1 | BM4: РС20-6 | BO4: =IF($E$16=BQ4,TRUE,FALSE) -> TRUE | BP4: 1 | BQ4: РС20-6 | BS4: =IF($E$9=BU4,TRUE,FALSE) -> FALSE | BT4: 0 | BV4: =IF($E$9=BX4,TRUE,FALSE) -> FALSE | BW4: 0 | BX4: Отсутствует | BZ4: =IF($B$12=CB4,TRUE,FALSE) -> FALSE | CA4: 1 | CB4: IMI Hydronic | CD4: =IF($F$10=CF4,TRUE,FALSE) -> FALSE | CE4: 01 | CF4: 15 | CH4: =IF($B$13=CJ4,TRUE,FALSE) -> FALSE | CI4: 1 | CJ4: IMI Hydronic
E5: D1 | F5: =VLOOKUP(2,I4:L17,2,FALSE) -> 50 | I5: =IF($B$9<12,(IF((L5>4)*AND(L5<16),2,0)),IF((L5>4)*AND(L5<20),2,0)) -> 0 | J5: 20 | K5: =1/POWER(1.14+2*LOG10((J5/1000)/($K$21/1000)),2) -> 0.0529903 | L5: =0.00638*K5*POWER($F$4,2)/(POWER(J5/1000,5)*$K$20) -> 1457.6555 | M5: =IF($B$9<12,(IF((P5>4)*AND(P5<16),2,0)),IF((P5>4)*AND(P5<20),2,0)) -> 0 | N5: 20 | O5: =1/POWER(1.14+2*LOG10((N5/1000)/($K$21/1000)),2) -> 0.0529903 | P5: =0.00638*O5*POWER($F$14,2)/(POWER(N5/1000,5)*$K$20) -> 16.766773 | R5: Kvрасч | S5: =F4/SQRT(0.1*S4) -> 6.6390613 | U5: =IF(X5>$S$5,TRUE,FALSE) -> FALSE | V5: 15-2,5 | W5: 15 | X5: 2.5 | Y5: =IF(AB5>$S$5,TRUE,FALSE) -> FALSE | Z5: 20-6,3 | AA5: 20 | AB5: 6.3 | AC5: Kvрасч | AD5: =F4/SQRT(0.1*AD4) -> 9.3890505 | AE5: =IF(AG5>$AD$5,TRUE,FALSE) -> FALSE | AF5: 20 | AG5: 5 | AH5: =IF(AJ5>$AD$5,TRUE,FALSE) -> FALSE | AI5: 20 | AJ5: 4.5 | AL5: =IF($F$4<AM5,TRUE,FALSE) -> TRUE | AM5: 10 | AN5: РС32-30 | AO5: =IF($F$14<AP5,TRUE,FALSE) -> TRUE | AP5: 10 | AQ5: РС32-30 | AZ5: 2 | BA5: 3-хтрубная | BC5: =IF($F$5=BE5,TRUE,FALSE) -> FALSE | BD5: 02 | BE5: 20 | BG5: =IF($F$15=BI5,TRUE,FALSE) -> FALSE | BH5: 2 | BI5: 20 | BK5: =IF($E$12=BM5,TRUE,FALSE) -> TRUE | BL5: 2 | BM5: РС20-12 | BO5: =IF($E$16=BQ5,TRUE,FALSE) -> FALSE | BP5: 2 | BQ5: РС20-12 | BS5: =IF($E$9=BU5,TRUE,FALSE) -> FALSE | BT5: 01 | BU5: 15-1,6 | BV5: =IF($E$9=BX5,TRUE,FALSE) -> FALSE | BW5: 01 | BZ5: =IF($B$12=CB5,TRUE,FALSE) -> FALSE | CA5: 2 | CB5: Danfoss | CD5: =IF($F$10=CF5,TRUE,FALSE) -> FALSE | CE5: 02 | CF5: 20 | CH5: =IF($B$13=CJ5,TRUE,FALSE) -> FALSE | CI5: 2 | CJ5: Danfoss
E6: dкл | F6: =VLOOKUP(TRUE,IF(B12="Danfoss",Y4:AB13,U4:X19),2,FALSE) -> 25-10,0 | I6: =IF($B$9<12,(IF((L6>4)*AND(L6<16),2,0)),IF((L6>4)*AND(L6<20),2,0)) -> 0 | J6: 25 | K6: =1/POWER(1.14+2*LOG10((J6/1000)/($K$21/1000)),2) -> 0.048560427 | L6: =0.00638*K6*POWER($F$4,2)/(POWER(J6/1000,5)*$K$20) -> 437.71451 | M6: =IF($B$9<12,(IF((P6>4)*AND(P6<16),2,0)),IF((P6>4)*AND(P6<20),2,0)) -> 2 | N6: 25 | O6: =1/POWER(1.14+2*LOG10((N6/1000)/($K$21/1000)),2) -> 0.048560427 | P6: =0.00638*O6*POWER($F$14,2)/(POWER(N6/1000,5)*$K$20) -> 5.0348385 | U6: =IF(X6>$S$5,TRUE,FALSE) -> FALSE | V6: 20-4,0 | W6: 20 | X6: 4 | Y6: =IF(AB6>$S$5,TRUE,FALSE) -> TRUE | Z6: 25-8,0 | AA6: 25 | AB6: 8 | AE6: =IF(AG6>$AD$5,TRUE,FALSE) -> FALSE | AF6: 25 | AG6: 7 | AH6: =IF(AJ6>$AD$5,TRUE,FALSE) -> FALSE | AI6: 25 | AJ6: 7 | AL6: =IF($F$4<AM6,TRUE,FALSE) -> TRUE | AM6: 15 | AN6: РС50-36 | AO6: =IF($F$14<AP6,TRUE,FALSE) -> TRUE | AP6: 15 | AQ6: РС50-36 | BC6: =IF($F$5=BE6,TRUE,FALSE) -> FALSE | BD6: 03 | BE6: 25 | BG6: =IF($F$15=BI6,TRUE,FALSE) -> TRUE | BH6: 3 | BI6: 25 | BK6: =IF($E$12=BM6,TRUE,FALSE) -> FALSE | BL6: 3 | BM6: РС32-30 | BO6: =IF($E$16=BQ6,TRUE,FALSE) -> FALSE | BP6: 3 | BQ6: РС32-30 | BS6: =IF($E$9=BU6,TRUE,FALSE) -> FALSE | BT6: 02 | BU6: 15-2,5 | BV6: =IF($E$9=BX6,TRUE,FALSE) -> FALSE | BW6: 02 | BX6: 15-4,0 | BZ6: =IF($B$12=CB6,TRUE,FALSE) -> FALSE | CA6: 3 | CB6: Вогез | CD6: =IF($F$10=CF6,TRUE,FALSE) -> FALSE | CE6: 03 | CF6: 25 | CH6: =IF($B$13=CJ6,TRUE,FALSE) -> FALSE | CI6: 3 | CJ6: КБЧ
E7: Kv | F7: =VLOOKUP(TRUE,IF(B12="Danfoss",Y4:AB13,U4:X19),3,FALSE) -> 25 | I7: =IF($B$9<12,(IF((L7>4)*AND(L7<16),2,0)),IF((L7>4)*AND(L7<20),2,0)) -> 0 | J7: 32 | K7: =1/POWER(1.14+2*LOG10((J7/1000)/($K$21/1000)),2) -> 0.044277322 | L7: =0.00638*K7*POWER($F$4,2)/(POWER(J7/1000,5)*$K$20) -> 116.15554 | M7: =IF($B$9<12,(IF((P7>4)*AND(P7<16),2,0)),IF((P7>4)*AND(P7<20),2,0)) -> 0 | N7: 32 | O7: =1/POWER(1.14+2*LOG10((N7/1000)/($K$21/1000)),2) -> 0.044277322 | P7: =0.00638*O7*POWER($F$14,2)/(POWER(N7/1000,5)*$K$20) -> 1.3360864 | U7: =IF(X7>$S$5,TRUE,FALSE) -> FALSE | V7: 20-6,3,0 | W7: 20 | X7: 6.3 | Y7: =IF(AB7>$S$5,TRUE,FALSE) -> TRUE | Z7: 32-16,0 | AA7: 32 | AB7: 16 | AE7: =IF(AG7>$AD$5,TRUE,FALSE) -> TRUE | AF7: 32 | AG7: 10 | AH7: =IF(AJ7>$AD$5,TRUE,FALSE) -> TRUE | AI7: 32 | AJ7: 10 | AL7: =IF($F$4<AM7,TRUE,FALSE) -> TRUE | AM7: 25 | AN7: РС50-72 | AO7: =IF($F$14<AP7,TRUE,FALSE) -> TRUE | AP7: 25 | AQ7: РС50-72 | BC7: =IF($F$5=BE7,TRUE,FALSE) -> FALSE | BD7: 04 | BE7: 32 | BG7: =IF($F$15=BI7,TRUE,FALSE) -> FALSE | BH7: 4 | BI7: 32 | BK7: =IF($E$12=BM7,TRUE,FALSE) -> FALSE | BL7: 4 | BM7: РС50-36 | BO7: =IF($E$16=BQ7,TRUE,FALSE) -> FALSE | BP7: 4 | BQ7: РС50-36 | BS7: =IF($E$9=BU7,TRUE,FALSE) -> FALSE | BT7: 03 | BU7: 20-4,0 | BV7: =IF($E$9=BX7,TRUE,FALSE) -> FALSE | BW7: 03 | CD7: =IF($F$10=CF7,TRUE,FALSE) -> TRUE | CE7: 04 | CF7: 32
E8: ΔPкл | F8: =(F4^2/F7^2)*10 -> 0.21157025 | I8: =IF($B$9<12,(IF((L8>4)*AND(L8<16),2,0)),IF((L8>4)*AND(L8<20),2,0)) -> 0 | J8: 40 | K8: =1/POWER(1.14+2*LOG10((J8/1000)/($K$21/1000)),2) -> 0.040875226 | L8: =0.00638*K8*POWER($F$4,2)/(POWER(J8/1000,5)*$K$20) -> 35.137325 | M8: =IF($B$9<12,(IF((P8>4)*AND(P8<16),2,0)),IF((P8>4)*AND(P8<20),2,0)) -> 0 | N8: 40 | O8: =1/POWER(1.14+2*LOG10((N8/1000)/($K$21/1000)),2) -> 0.040875226 | P8: =0.00638*O8*POWER($F$14,2)/(POWER(N8/1000,5)*$K$20) -> 0.40416928 | U8: =IF(X8>$S$5,TRUE,FALSE) -> TRUE | V8: 25-10,0 | W8: 25 | X8: 10 | Y8: =IF(AB8>$S$5,TRUE,FALSE) -> TRUE | Z8: 40-20,0 | AA8: 40 | AB8: 20 | AE8: =IF(AG8>$AD$5,TRUE,FALSE) -> TRUE | AF8: 40 | AG8: 15 | AH8: =IF(AJ8>$AD$5,TRUE,FALSE) -> TRUE | AI8: 40 | AJ8: 15 | AL8: =IF($F$4<AM8,TRUE,FALSE) -> TRUE | AM8: 40 | AN8: РС65-60 | AO8: =IF($F$14<AP8,TRUE,FALSE) -> TRUE | AP8: 40 | AQ8: РС65-60 | BC8: =IF($F$5=BE8,TRUE,FALSE) -> FALSE | BD8: 05 | BE8: 40 | BG8: =IF($F$15=BI8,TRUE,FALSE) -> FALSE | BH8: 5 | BI8: 40 | BK8: =IF($E$12=BM8,TRUE,FALSE) -> FALSE | BL8: 5 | BM8: РС50-72 | BO8: =IF($E$16=BQ8,TRUE,FALSE) -> FALSE | BP8: 5 | BQ8: РС50-72 | BS8: =IF($E$9=BU8,TRUE,FALSE) -> FALSE | BT8: 04 | BU8: 20-6,3,0 | BV8: =IF($E$9=BX8,TRUE,FALSE) -> FALSE | BW8: 04 | BX8: 20-6,3 | CD8: =IF($F$10=CF8,TRUE,FALSE) -> FALSE | CE8: 05 | CF8: 40
E9: =VLOOKUP(TRUE,IF(B12="Вогез",U4:X19,Y4:AB14),2,FALSE) -> 25-8,0 | I9: =IF($B$9<12,(IF((L9>4)*AND(L9<16),2,0)),IF((L9>4)*AND(L9<20),2,0)) -> 2 | J9: 50 | K9: =1/POWER(1.14+2*LOG10((J9/1000)/($K$21/1000)),2) -> 0.037850687 | L9: =0.00638*K9*POWER($F$4,2)/(POWER(J9/1000,5)*$K$20) -> 10.661842 | M9: =IF($B$9<12,(IF((P9>4)*AND(P9<16),2,0)),IF((P9>4)*AND(P9<20),2,0)) -> 0 | N9: 50 | O9: =1/POWER(1.14+2*LOG10((N9/1000)/($K$21/1000)),2) -> 0.037850687 | P9: =0.00638*O9*POWER($F$14,2)/(POWER(N9/1000,5)*$K$20) -> 0.1226385 | U9: =IF(X9>$S$5,TRUE,FALSE) -> TRUE | V9: 32-16,0 | W9: 32 | X9: 16 | Y9: =IF(AB9>$S$5,TRUE,FALSE) -> TRUE | Z9: 50-32,0 | AA9: 50 | AB9: 32 | AE9: =IF(AG9>$AD$5,TRUE,FALSE) -> TRUE | AF9: 50 | AG9: 25 | AH9: =IF(AJ9>$AD$5,TRUE,FALSE) -> TRUE | AI9: 50 | AJ9: 25 | AL9: =IF($F$4<AM9,TRUE,FALSE) -> TRUE | AM9: 65 | AN9: РС80-90 | AO9: =IF($F$14<AP9,TRUE,FALSE) -> TRUE | AP9: 65 | AQ9: РС80-90 | BC9: =IF($F$5=BE9,TRUE,FALSE) -> TRUE | BD9: 06 | BE9: 50 | BG9: =IF($F$15=BI9,TRUE,FALSE) -> FALSE | BH9: 6 | BI9: 50 | BK9: =IF($E$12=BM9,TRUE,FALSE) -> FALSE | BL9: 6 | BM9: РС65-60 | BO9: =IF($E$16=BQ9,TRUE,FALSE) -> FALSE | BP9: 6 | BQ9: РС65-60 | BS9: =IF($E$9=BU9,TRUE,FALSE) -> FALSE | BT9: 05 | BU9: 25-10,0 | BV9: =IF($E$9=BX9,TRUE,FALSE) -> TRUE | BW9: 05 | BX9: 25-8,0 | CD9: =IF($F$10=CF9,TRUE,FALSE) -> FALSE | CE9: 06 | CF9: 50
